id,domain,status,purchase_price,renewal_price,attractiveness,demand,length,registrar,created_at,expires_at,status_verified_at
b4449ed5-03de-476b-8a7d-1af809a92977,utility.tools,resell,,,high,low,7,"GoDaddy.com, LLC",26/02/2021 03:50,26/02/2028 03:50,26/09/2026 09:55
3e2ba4e4-99d5-461b-847d-f64df3afcb2a,utility.cars,available,1999.99,2199,high,low,7,namesilo,,,19/09/2026 06:04
247afa57-bc9b-40b8-8eb1-adee739d4699,utility.green,available,14.99,79.99,high,low,7,namesilo,,,19/09/2026 06:04
54d23432-de4b-42c0-80bd-011da8c0ade5,utility.organic,available,17.99,85.99,high,low,7,namesilo,,,19/09/2026 06:04
a03d1806-c9bc-413e-a9d2-64cdea592ccb,utility.dealer,premium,4278,2660,high,low,7,namesilo,,,19/09/2026 06:04
043bcfa1-2786-4467-aad7-5d4b3a2f383a,utility.news,premium,260,520,high,low,7,namecheap,,,19/09/2026 06:04
6500e0ab-31a7-4f8c-a58e-1ea3ec02af97,utility.observer,premium,11.8,11.8,high,low,7,namesilo,,,19/09/2026 06:04
9d006db1-74a6-4d9b-91bd-b09f97fc3789,utility.eco,available,58.48,101.98,high,low,7,namecheap,,,19/09/2026 06:04
ffb78455-e9d8-4180-9e4a-1407bb570e88,utility.hiv,available,195.99,195.99,high,low,7,namesilo,,,19/09/2026 06:04
1b99b178-7e90-4b94-a1bd-72e3e3e40ee3,utility.trade,premium,640,77.35,high,low,7,namesilo,,,19/09/2026 06:04
99293d14-8b85-4bca-b3b6-c35b0aca0755,utility.press,premium,1107,1107,high,low,7,namesilo,,,19/09/2026 06:04
3b352bcf-c024-41a7-93b8-07f289a74c2c,utility.loan,premium,3450,116,high,low,7,namesilo,,,19/09/2026 06:04
52e4d0fd-cdd9-40ae-b7e8-ee6639334fe7,utility.investments,available,12.99,129.99,high,low,7,namesilo,,,19/09/2026 06:04
bf6640cd-6e1d-47b3-8319-e5b1641e0293,utility.insure,available,76.98,91.98,high,low,7,namecheap,,,19/09/2026 06:04
d629f68a-74a6-44a7-8365-58f37edb0e23,utility.fail,available,38.99,38.99,high,low,7,namesilo,,,19/09/2026 06:04
bb604d18-def9-4381-96d1-b7a2f05c1e91,utility.poker,available,10.99,67.99,high,low,7,namesilo,,,19/09/2026 06:04
03d6b862-3ebf-418c-85b0-2937bd2e542b,utility.hair,available,1.99,17.29,high,low,7,namesilo,,,19/09/2026 06:04
0dfe243f-a288-4c61-8efa-7dfb8275ed8a,utility.hospital,available,57.99,57.99,high,low,7,namesilo,,,19/09/2026 06:04
22421640-c392-454d-9269-b8718e571aa0,utility.contractors,resell,,,high,low,7,GoDaddy Online Services Cayman Islands Ltd.,19/02/2014 16:00,19/02/2027 16:00,26/09/2026 09:55
4d16f70b-831b-4cd2-918d-7a4c755f16dd,utility.democrat,available,7.25,32.99,high,low,7,namesilo,,,19/09/2026 06:04
3a0741ef-c48d-4ffb-9bae-2e9c94714b97,utility.mobile,premium,780,780,high,low,7,namecheap,,,19/09/2026 06:04
b4798947-4329-4f14-aff2-be9bc32e3d12,utility.futbol,available,7.49,17.99,high,low,7,namesilo,,,19/09/2026 06:04
a3d40bc2-0dcb-45c4-8049-acba19696869,utility.barcelona,available,38.98,38.98,high,low,7,namecheap,,,19/09/2026 06:04
adc9b208-2cdb-4e5f-b3de-de04167d82e9,utility.wine,available,9.99,59.99,high,low,7,namesilo,,,19/09/2026 06:04
8fa8aa6f-e427-4a8f-86ed-c6302e305f2f,utility.rip,available,24.98,32.98,high,low,7,namecheap,,,19/09/2026 06:04
450d0027-dd10-4654-8888-cb60bc458c3a,utility.charity,available,7.48,37.98,high,low,7,namecheap,,,19/09/2026 06:04
4899b46f-4ac5-498f-9e23-44dc3ebd8bf5,utility.pictures,available,15.49,15.49,high,low,7,namesilo,,,19/09/2026 06:04
4285e73b-e4f4-4a27-81e0-4cb6392180a9,utility.lawyer,available,62.99,62.99,high,low,7,namesilo,,,19/09/2026 06:04
a37e29f5-166c-404e-8140-6572ec27c9bc,utility.desi,available,19.98,22.98,high,low,7,namecheap,,,19/09/2026 06:04
f9f56d0f-b686-4411-95ff-705be8dda096,utility.graphics,available,23.99,23.99,high,low,7,namesilo,,,19/09/2026 06:04
c43b3a93-17ff-47a7-b2e7-893ceeffde5e,utility.inc,premium,2061.5,2660,high,low,7,namesilo,,,19/09/2026 06:04
5e10a441-ee81-4dfc-9aa2-2c7e5a53c8bc,utility.dental,available,78.99,78.99,high,low,7,namesilo,,,19/09/2026 06:04
28328071-7805-4be9-a5ec-8b95d07256cb,utility.rodeo,available,13.98,17.98,high,low,7,namecheap,,,19/09/2026 06:04
0462de56-2bf6-4f74-b1f1-efd6d86dbe5a,utility.fish,available,44.49,44.49,high,low,7,namesilo,,,19/09/2026 06:04
2d877bf1-439e-4c6e-a481-58858ecdf767,utility.report,available,10.48,34.48,high,low,7,namecheap,,,19/09/2026 06:04
67747659-2299-4294-8bcb-93639fb92f50,utility.men,premium,455,65,high,low,7,namecheap,,,19/09/2026 06:04
b91172a8-c846-47ca-8a72-6608ceed2ece,utility.moda,available,41.99,41.99,high,low,7,namesilo,,,19/09/2026 06:04
1b05ec0e-c409-43cb-97c6-bcd7a94b371e,utility.pet,available,14.49,27.59,high,low,7,namesilo,,,19/09/2026 06:04
2f679908-f0c1-4d7e-b75a-179b6e1f8517,utility.army,available,18.99,39.99,high,low,7,namesilo,,,19/09/2026 06:04
14183d84-2b87-4424-93af-63dac790cf3d,utility.yachts,available,1.99,17.29,high,low,7,namesilo,,,19/09/2026 06:04
cbeae9a7-81c2-4557-836d-9ff54e1dc270,utility.hot,premium,116,116,high,low,7,namesilo,,,19/09/2026 06:04
9ad58fa0-9b82-4dab-b7ee-a3c92f964a26,utility.engineer,premium,71.4,71.4,high,low,7,namesilo,,,19/09/2026 06:04
fb244292-ad05-443e-a190-7a54da88b93f,utility.fishing,available,33.98,45.98,high,low,7,namecheap,,,19/09/2026 06:04
0159e14c-6ba8-46cc-89bd-ee0b8aa26282,utility.bz,available,21.98,26.98,high,low,7,namecheap,,,19/09/2026 06:04
8a4a4589-966b-449a-afc6-a649412bd6fb,utility.online,premium,6900,6900,high,low,7,namesilo,,,19/09/2026 06:04
9191d216-fca2-4db4-bad8-7945e58bea2e,utility.baby,available,17.99,54.99,high,low,7,namesilo,,,19/09/2026 06:04
eef06ccd-4710-49ee-ad68-0f3ff2aee937,utility.homes,resell,,,high,low,7,"Spaceship, Inc.",17/03/2024 05:01,17/03/2027 23:59,26/09/2026 09:55
283b8334-7194-4c27-82da-4aa283ba8acc,utility.wedding,available,32.49,32.49,high,low,7,namesilo,,,19/09/2026 06:04
e2c0a7c0-d855-4d96-ba7a-ed163e3e78a4,utility.berlin,available,79.98,89.98,high,low,7,namecheap,,,19/09/2026 06:04
fc4b438a-d432-4d14-990c-55aafabb0c12,utility.build,premium,1950,1950,high,low,7,namecheap,,,19/09/2026 06:04
5cf96a52-b6a5-48e2-8a91-acba64ee85e8,utility.flowers,available,64.99,114.99,high,low,7,namesilo,,,19/09/2026 06:04
6c9e72ad-3e38-4221-88f7-31325bfac55a,utility.in,resell,,,high,low,7,"Dynadot, LLC",06/05/2010 20:00,06/05/2031 20:00,26/09/2026 09:55
c8aa532e-2fc0-4680-933a-6e3fe7fa37f1,utility.enterprises,available,11.49,35.99,high,low,7,namesilo,,,19/09/2026 06:04
0fb81a47-6f30-4e4f-916b-61cfa938c72d,utility.computer,available,23.99,38.99,high,low,7,namesilo,,,19/09/2026 06:04
97679bd4-dab1-48d9-bc66-206d2ce5c48d,utility.camera,available,61.98,72.98,high,low,7,namecheap,,,19/09/2026 06:04
ac680b75-d066-4c3d-a92f-f416eeee4470,utility.rocks,available,11.99,21.99,high,low,7,namesilo,,,19/09/2026 06:04
46c08e49-f80a-411e-848e-28a38ae072fe,utility.tech,premium,3450,3450,high,low,7,namesilo,,,19/09/2026 06:04
66e40187-1a23-4ca4-89bf-e89e82d5bde3,utility.osaka,available,32.98,41.98,high,low,7,namecheap,,,19/09/2026 06:04
6954c4ae-2ad7-432b-8406-e7fba766c6af,utility.photos,available,15.99,29.99,high,low,7,namesilo,,,19/09/2026 06:04
6514cc28-eef6-40b4-82f0-3468a294c1ac,utility.miami,available,23.49,23.49,high,low,7,namesilo,,,19/09/2026 06:04
9d5e6f93-aab4-463f-a48b-f955a5120abc,utility.flights,available,58.99,58.99,high,low,7,namesilo,,,19/09/2026 06:04
ae249949-21b4-4d37-8264-fa9e7d2b1bc6,utility.vision,resell,,,high,low,7,"Sav.com, LLC - 13",22/04/2026 15:16,22/04/2027 15:16,26/09/2026 09:55
8a41a5c4-fb2b-4491-994e-c12f0f62c6cc,utility.bot,premium,640,640,high,low,7,namesilo,,,19/09/2026 06:04
1dc7f30f-32b9-4216-af60-28813133c002,utility.vet,available,43.98,52.98,high,low,7,namecheap,,,19/09/2026 06:04
9a489d80-4572-4600-a8f6-675e8639e848,utility.republican,available,7.49,28.99,high,low,7,namesilo,,,19/09/2026 06:04
a2ee35c5-6a2f-4643-a6d7-3187a3a015f4,utility.accountant,premium,640,77.35,high,low,7,namesilo,,,19/09/2026 06:04
ad65e4e1-3655-48c2-9fac-cd11833f7040,utility.moe,available,13.99,13.99,high,low,7,namesilo,,,19/09/2026 06:04
2db5d6e1-2a4e-4941-8c1d-46923b7ee710,utility.hosting,available,309.99,429.99,high,low,7,namesilo,,,19/09/2026 06:04
1d4b936d-a99a-4198-9f78-1179d7f0f3b6,utility.gallery,available,29.98,36.98,high,low,7,namecheap,,,19/09/2026 06:04
0c997928-314d-4c1c-85ce-63b1413de19f,utility.apartments,available,57.99,57.99,high,low,7,namesilo,,,19/09/2026 06:04
04b7904c-1b9e-454d-bb62-549a2994a86a,utility.store,premium,3450,3450,high,low,7,namesilo,,,19/09/2026 06:04
ca206151-4207-4c8e-a8ab-cbc325067d6a,utility.now,resell,,,high,low,7,"NameCheap, Inc.",20/10/2024 11:11,20/10/2027 11:11,28/09/2026 06:06
d4260334-492e-45f3-b28b-9010b45ed360,utility.vote,available,34.99,90.99,high,low,7,namesilo,,,19/09/2026 06:04
c001a72a-0e45-4084-9355-f7c9a7ca4d2f,utility.rich,available,94.99,1999,high,low,7,namesilo,,,19/09/2026 06:04
9169ecee-deb6-4e1b-92f1-78b351badbf4,utility.auto,available,2070,2950,high,low,7,namecheap,,,19/09/2026 06:04
83fad725-4dbb-415e-8cc0-5410da1149b3,utility.world,resell,,,high,low,7,"DNSPod, Inc.",02/04/2018 23:47,02/04/2027 23:47,26/09/2026 09:55
4d16296c-5a7b-4054-970b-0262dd502af8,utility.guide,available,41.49,41.49,high,low,7,namesilo,,,19/09/2026 06:04
dd3a1df8-2024-4aa5-9da4-ad73621faef1,utility.motorcycles,available,1.99,17.29,high,low,7,namesilo,,,19/09/2026 06:04
a7a33b89-3f14-4720-a890-1770d0526700,utility.beauty,available,1.99,17.29,high,low,7,namesilo,,,19/09/2026 06:04
355715e7-dffb-461f-a798-569358e7867e,utility.travel,available,27.99,149.99,high,low,7,namesilo,,,19/09/2026 06:04
93b367a0-d3ba-4ee7-a2b0-ffc9df94ac20,utility.gay,available,38.99,38.99,high,low,7,namesilo,,,19/09/2026 06:04
1d1e5336-7d1f-4f5f-ae3a-723b354d1a66,utility.ong,available,18.98,24.98,high,low,7,namecheap,,,19/09/2026 06:04
e5ab21fa-2dfc-48d6-90ab-bedd497edda8,utility.film,available,65.99,65.99,high,low,7,namesilo,,,19/09/2026 06:04
88d8d4be-33e8-4871-af43-c7285a4a41b6,utility.airforce,available,103.99,103.99,high,low,7,namesilo,,,19/09/2026 06:04
1a6cd4a3-45b8-462e-a562-4b963a23c313,utility.group,resell,,,high,low,7,Dynadot Inc,13/06/2016 15:38,13/06/2027 15:38,26/09/2026 09:55
94a4a95d-73b8-42f7-a6e2-8afe77c79daa,utility.country,available,2298,2450,high,low,7,namecheap,,,19/09/2026 06:04
441cf63d-8330-4445-95d2-39f6f434b368,utility.dad,premium,76.7,76.7,high,low,7,namecheap,,,19/09/2026 06:04
dd42b35e-a737-4268-85bf-2de9cd3c8a11,utility.hockey,available,59.99,59.99,high,low,7,namesilo,,,19/09/2026 06:04
412e1503-36f4-49f4-8278-d76791f7eb6b,utility.top,premium,58.23,58.23,high,low,7,namecheap,,,19/09/2026 06:04
3fcfcddb-bc46-438d-a91f-03c0194a9c86,utility.sucks,premium,2728.7,2728.7,high,low,7,namecheap,,,19/09/2026 06:04
5e5c1d7e-8446-493a-a6dd-e9ab8418aa14,utility.cards,available,38.99,38.99,high,low,7,namesilo,,,19/09/2026 06:04
81f202c0-8bf1-4d0f-bde5-6734512510c1,utility.sydney,available,58,58,high,low,7,namesilo,,,19/09/2026 06:04
54e234cc-4f7e-4c3c-a73a-e4f8bc5cba54,utility.fitness,available,3.48,54.98,high,low,7,namecheap,,,19/09/2026 06:04
bf5c0fc7-05f0-4e33-ac4d-43c7eef13712,utility.ngo,available,18.98,24.98,high,low,7,namecheap,,,19/09/2026 06:04
dd7d0626-86e4-4dc5-82f9-96ae16bcb374,utility.game,available,309.99,429.99,high,low,7,namesilo,,,19/09/2026 06:04
5c71533f-8b7c-4f95-b8c2-295695a3ce98,utility.promo,resell,,,high,low,7,IONOS SE,25/11/2025 21:56,25/11/2026 21:56,26/09/2026 09:55
5287183a-9256-433f-99a9-5a81ad1c1847,power.supplies,premium,1040,1040,high,medium,5,namecheap,,,09/10/2026 02:19
7f20fc69-dbcf-4f4e-9845-49cf51f64c82,utility.onl,resell,,,high,low,7,Dynadot Inc,18/07/2026 01:05,18/07/2027 01:05,26/09/2026 09:55
b437db67-7cfb-4e62-89e6-f33d1c33f7f6,utility.diy,available,4.98,51.98,high,low,7,namecheap,,,19/09/2026 06:04
af1d78bd-c9a1-4b45-b9ef-e3ccf381cbbf,utility.builders,available,35.99,35.99,high,low,7,namesilo,,,19/09/2026 06:04
506cc05c-200f-45bc-a4fb-90ce9b0850a8,utility.golf,available,7.49,64.99,high,low,7,namesilo,,,19/09/2026 06:04
8903896c-5a14-40cf-adf2-0b85a1b391a7,utility.degree,available,52.99,52.99,high,low,7,namesilo,,,19/09/2026 06:04
88ea3fc4-dc17-4cdd-b377-e82ea8600cc5,utility.creditcard,available,144.99,144.99,high,low,7,namesilo,,,19/09/2026 06:04
b48beb64-da4d-4905-81cc-a62eef9a385b,utility.download,premium,130,32.5,high,low,7,namecheap,,,19/09/2026 06:04
69869960-9817-4507-9f4f-b8f188b70db8,utility.exposed,available,22.49,22.49,high,low,7,namesilo,,,19/09/2026 06:04
aa00765e-df87-4700-8f26-218f7ca29472,utility.fan,available,57.98,68.98,high,low,7,namecheap,,,19/09/2026 06:04
6749258e-129a-4f7d-a530-731cac184e2b,utility.deals,premium,78.54,78.54,high,low,7,namesilo,,,19/09/2026 06:04
860c7917-5704-4ca0-84fc-59e14c799f91,utility.new,available,488.98,601.98,high,low,7,namecheap,,,19/09/2026 06:04
c7f09aec-80de-4232-9151-c9a403867eb0,utility.fm,available,88.99,88.99,high,low,7,namesilo,,,19/09/2026 06:04
95982be8-a8ab-4d9c-8e80-9ca97246eeec,utility.jewelry,available,64.99,64.99,high,low,7,namesilo,,,19/09/2026 06:04
912c977f-6c2e-4e74-9514-e85a29ca3d8a,utility.vodka,available,32.49,32.49,high,low,7,namesilo,,,19/09/2026 06:04
72dcd14b-081d-47a2-8e8a-952bdb307bca,utility.voyage,available,58.99,58.99,high,low,7,namesilo,,,19/09/2026 06:04
935f61f9-6a12-4096-810b-277f23238ce4,utility.irish,available,7.49,22.49,high,low,7,namesilo,,,19/09/2026 06:04
e8d0d249-147f-49f1-8afe-7b8cbf6007ce,power.cars,available,1999.99,2199,high,medium,5,namesilo,,,09/10/2026 02:16
cb9a0d8e-fc30-4344-8c62-8eb913c634ae,utility.guru,resell,,,high,low,7,"Sav.com, LLC - 5",22/07/2026 15:15,22/07/2027 15:15,26/09/2026 09:55
17bfe614-ac12-408d-926a-e6ea44162db2,power.store,premium,3450,3450,high,medium,5,namesilo,,,09/10/2026 02:16
c109daa5-c696-45a6-9e9e-e638bc5105d4,utility.foundation,available,7.48,37.98,high,low,7,namecheap,,,19/09/2026 06:04
1e12ec2f-719c-43fb-9671-2a9113833175,utility.legal,available,71.99,71.99,high,low,7,namesilo,,,19/09/2026 06:04
bb5b92d6-83af-4186-a319-cd7d6860c7f1,utility.blog,premium,160,640,high,low,7,namesilo,,,19/09/2026 06:04
0c25c3e1-f9dc-42cf-8054-08ddb2c6241b,utility.city,available,7.25,28.49,high,low,7,namesilo,,,19/09/2026 06:04
35a006dd-6270-4338-9e1c-b8f6c56828a9,utility.immobilien,available,37.99,37.99,high,low,7,namesilo,,,19/09/2026 06:04
42f49322-e78e-45b1-a469-9df33b1c6fc2,power.farm,available,,,high,medium,5,,,,
2725799b-0b72-4b09-a37f-65d89a41e3af,utility.cyou,premium,192,384,high,low,7,namesilo,,,19/09/2026 06:04
61aeb82c-26cc-42f5-a93f-7e90919e9bf2,utility.makeup,available,1.99,17.29,high,low,7,namesilo,,,19/09/2026 06:04
eebd678f-d33f-4a09-9b73-e073846ffd95,utility.vacations,available,38.99,38.99,high,low,7,namesilo,,,19/09/2026 06:04
b3e658a8-f7f0-4279-91c6-8eff3283d22f,utility.salon,available,57.99,57.99,high,low,7,namesilo,,,19/09/2026 06:04
57f1b51b-1653-43db-97ee-9d9b79a3f0cb,power.cab,available,,,high,medium,5,,,,
fbad14cb-f903-4d03-be37-b7efa0f43a04,power.tickets,available,359.99,488.88,high,medium,5,namesilo,,,08/09/2026 07:25
fc17d3d9-32f1-4096-9a13-9182cc3eb48f,power.taxi,available,,,high,medium,5,,,,
3e618e6b-69d3-4c6d-8041-8dbe634c468e,utility.auction,available,36.99,36.99,high,low,7,namesilo,,,19/09/2026 06:04
0babf69b-6775-4820-a931-ae0c4604f26f,utility.win,premium,448,53.92,high,low,7,namesilo,,,19/09/2026 06:04
eaea4bfc-5d68-46f0-86ba-922c58115978,utility.bid,premium,448,53.92,high,low,7,namesilo,,,19/09/2026 06:04
6b668763-0d73-49f8-a9a8-816d5ed6f2f1,utility.review,premium,3450,116,high,low,7,namesilo,,,19/09/2026 06:04
55181955-521a-448a-9ceb-72127b8f7d74,power.cooking,premium,242,29.5,high,medium,5,namesilo,,,08/09/2026 07:25
3df19711-ea61-4bb2-bd33-dbc08a7bf87d,utility.buzz,premium,130,65,high,low,7,namecheap,,,19/09/2026 06:04
9cb68219-8312-4814-bce6-420f02236f66,power.engineer,premium,1107,1107,high,medium,5,namesilo,,,08/09/2026 07:25
f0973072-d7ae-4a99-8ed4-e12a39c9ec60,utility.cv,premium,2770.35,80.33,high,low,7,namesilo,,,19/09/2026 06:04
d5ce01f4-d56a-4351-8cd9-f30559616842,power.music,available,,,high,medium,5,,,,
1882a4ae-15a5-48cd-87c7-bc1fc2255405,power.energy,resell,,,high,medium,5,"GoDaddy.com, LLC",01/05/2017 18:01,01/05/2028 18:01,26/09/2026 08:16
6cff80bc-ee20-4412-83ec-6d041d2c3803,utility.associates,available,18.99,38.99,high,low,7,namesilo,,,19/09/2026 06:04
155d80dc-096a-4d5a-9711-7ec537fb20db,utility.locker,premium,1300,39,high,low,7,namecheap,,,19/09/2026 06:04
c25dcfea-7813-4077-8c6a-66efab6fbf4d,utility.garden,premium,512,29.5,high,low,7,namesilo,,,19/09/2026 06:04
84ebdc0d-ce95-4e45-a373-b896421f7283,utility.holdings,available,64.99,64.99,high,low,7,namesilo,,,19/09/2026 06:04
c3b8617d-1114-4c82-9f36-ffc90d864f21,utility.viajes,available,37.99,37.99,high,low,7,namesilo,,,19/09/2026 06:04
9f31fde2-29b6-499a-9299-b9ade954028a,power.photo,premium,116,116,high,medium,5,namesilo,,,08/09/2026 07:25
754a019f-de16-4b01-84ee-576ef9bd6627,power.kiwi,premium,81.9,81.9,high,medium,5,namecheap,,,08/09/2026 07:25
d8e4d6ab-2798-4f41-ba72-0612035c2a13,power.cam,premium,1950,18.2,high,medium,5,namecheap,,,08/09/2026 07:25
779839bc-d630-4658-9a09-6bb9fbb4b2a5,utility.bargains,available,17.99,26.49,high,low,7,namesilo,,,19/09/2026 06:04
f96bd1fc-b0ca-49e0-80fe-b77d037f7940,utility.ai,resell,,,high,low,7,"GoDaddy.com, LLC",15/12/2017 22:10,25/01/2028 22:10,26/09/2026 09:55
a179d184-0612-4e74-b168-22eae3056c4f,power.cleaning,premium,118.8,118.8,high,medium,5,namesilo,,,08/09/2026 07:25
e1d49f38-68ad-4ae9-8107-013185d8c2c5,power.furniture,available,,,high,medium,5,,,,
21a564ce-69ba-4a88-97a5-e367c2ef8136,utility.cc,resell,,,high,low,7,"GoDaddy.com, LLC",05/12/2016 01:28,05/12/2026 01:28,26/09/2026 09:55
714f33e7-ebd6-44bb-ab8d-dc8530cdf41d,power.business,resell,,,high,medium,5,Porkbun LLC,10/12/2014 14:55,10/12/2026 14:55,26/09/2026 08:16
62c66ff7-5be5-45f4-941d-e7c24616c420,power.courses,premium,116,116,high,medium,5,namesilo,,,08/09/2026 07:25
1809d4bc-a518-4c33-919c-413641e33c00,power.osaka,available,,,high,medium,5,,,,
d182418d-92f0-48ea-af40-9e80f808fb63,power.pink,resell,,,high,medium,5,"GoDaddy.com, LLC",02/10/2025 14:11,02/10/2027 14:11,03/10/2026 04:43
e454dc3d-ce36-4f21-a1ee-b8df70d6fb73,power.im,available,,,high,medium,5,,,,
67bd7f2a-a7ef-424e-8836-0a6527cc0c42,utility.markets,premium,260,260,high,low,7,namecheap,,,19/09/2026 06:04
357be607-22be-413e-a688-856df5b88438,utility.school,available,36.49,36.49,high,low,7,namesilo,,,19/09/2026 06:04
238fbde9-f2e6-4f5b-a927-bdb54c36a300,power.so,resell,,,high,medium,5,NameCheap,21/06/2020 05:03,21/06/2026 05:03,
6de42359-5f7d-4dd4-b90b-74e4384070bf,power.tienda,available,,,high,medium,5,,,,
c600e912-b5c1-44d5-9813-8716808a14f2,utility.lgbt,available,14.99,79.99,high,low,7,namesilo,,,19/09/2026 06:04
ff1120d3-f530-4025-8503-a8fb17e1e8df,utility.faith,premium,116,29.5,high,low,7,namesilo,,,19/09/2026 06:04
5e9fa004-d5d1-4de6-9ae3-ad9f84f0701f,power.lighting,resell,,,high,medium,5,"GoDaddy.com, LLC",28/10/2019 06:40,28/10/2027 06:40,05/10/2026 08:05
f4a1161f-a44d-4007-b14e-c45d58cbf472,utility.sbs,premium,195,390,high,low,7,namecheap,,,19/09/2026 06:04
3b7c5dd7-0c55-4afa-987d-45437ad3379c,utility.melbourne,available,58,58,high,low,7,namesilo,,,19/09/2026 06:04
586cec85-efdf-4d91-aeff-4d09be19bfa0,power.systems,premium,512,512,high,medium,5,namesilo,,,08/09/2026 07:25
e6e5d070-5518-46cd-8810-08c15855f0bb,utility.meme,premium,195,195,high,low,7,namecheap,,,19/09/2026 06:04
72bbe364-777f-453b-a66a-ee625986bfed,power.holiday,available,,,high,medium,5,,,,
e65b3de9-195a-4bd4-814b-3410d4232fa5,utility.ski,available,76.98,82.98,high,low,7,namecheap,,,19/09/2026 06:04
1a20862d-9878-4e0a-af3f-fdef0d193815,utility.band,available,20.99,31.49,high,low,7,namesilo,,,19/09/2026 06:04
3ae3adba-1f53-4481-86b6-8fb28ba04e4d,power.cv,premium,2609.75,87.75,high,medium,5,namecheap,,,08/09/2026 07:25
e67e6af1-14f7-4412-ac9c-eda8ccad5401,utility.protection,available,1999.99,2049.99,high,low,7,namesilo,,,19/09/2026 06:04
e4e6fe53-8eaf-4507-b180-304d2e027ca5,utility.lighting,available,22.98,31.98,high,low,7,namecheap,,,19/09/2026 06:04
8fa77697-73c5-4c20-a657-50ce61297418,power.my,premium,1979.22,2827.46,high,medium,5,namecheap,,,08/09/2026 07:25
291c420f-7a40-458d-8398-5a857582eb64,power.navy,available,,,high,medium,5,,,,
29ea9f1f-4319-45e4-99c1-fdf8627e9b13,utility.education,available,34.99,34.99,high,low,7,namesilo,,,19/09/2026 06:04
ae4c5edd-db5a-4985-95f3-d0335abc7fad,utility.autos,resell,,,high,low,7,Porkbun LLC,02/01/2026 04:31,02/01/2027 23:59,26/09/2026 09:55
77e0bba0-f5c8-47a8-986a-ccf77b331f9e,power.juegos,available,,,high,medium,5,,,,
e0faefa3-de39-431f-8336-148939f6c009,power.giving,available,,,high,medium,5,,,,
6dd8a52a-c87d-4efb-a624-fc45b8d35dfd,utility.fashion,available,32.49,32.49,high,low,7,namesilo,,,19/09/2026 06:04
e32951e7-d53f-4f7a-9ab8-c569a8150e7a,utility.webcam,premium,650,84.5,high,low,7,namecheap,,,19/09/2026 06:04
0e2f6043-b2ca-4d3e-8582-7c94af70d427,power.yachts,premium,845,15.73,high,medium,5,namecheap,,,
fc5c5f6e-d574-4cb5-87b1-17d229db1ac5,utility.boutique,available,2.98,41.98,high,low,7,namecheap,,,19/09/2026 06:04
4a6a5338-2ce0-4341-b22f-443e1d850d3b,utility.space,premium,6900,6900,high,low,7,namesilo,,,19/09/2026 06:04
8b7199b9-b5a6-4c07-ab39-0e5c96e2fb53,utility.free,premium,116,116,high,low,7,namesilo,,,19/09/2026 06:04
9c592259-c5dd-4b2a-83de-50841f651592,utility.forex,available,11.98,133.98,high,low,7,namecheap,,,19/09/2026 06:04
91324dad-2eef-4e29-9fc4-c9e0e05458a9,power.makeup,premium,832,832,high,medium,5,namesilo,,,08/09/2026 07:25
e2183417-a290-4324-9b7c-aa49bf088e37,power.red,premium,621.2,621.2,high,medium,5,spaceship,,,09/10/2026 02:19
f42b736f-d52a-4d72-a7e9-ee5a3b8373ee,utility.actor,available,16.99,44.49,high,low,7,namesilo,,,19/09/2026 06:04
8140997f-edc2-4a77-b869-2d9bd41b6a82,power.army,available,,,high,medium,5,,,,
13ad0e4e-2d0a-4bdc-b544-8e8b93d1ae68,utility.tattoo,available,34.99,34.99,high,low,7,namesilo,,,19/09/2026 06:04
c430daf2-5c1e-4455-9f3b-c0365cb9affb,power.monster,premium,650,15.73,high,medium,5,namecheap,,,
c55b0865-7aea-41dc-a31d-a4dd2c8d9e4e,power.mba,available,,,high,medium,5,,,,
42fa2df8-a62c-493d-b4a7-05f1cee0d9f5,utility.plumbing,available,72.99,72.99,high,low,7,namesilo,,,19/09/2026 06:04
49658d2a-a1ad-462e-a5fd-a47b21ea599c,utility.cooking,available,32.49,32.49,high,low,7,namesilo,,,19/09/2026 06:04
76b994fa-29fe-4ffe-8999-0674da29a9ea,power.claims,available,,,high,medium,5,,,,
58080c56-b5b8-4e2c-b5a4-be82ce23440c,utility.forsale,available,16.99,36.99,high,low,7,namesilo,,,19/09/2026 06:04
e10a00f6-ccb5-49e4-b6ff-63b480e76aec,utility.supplies,available,24.99,24.99,high,low,7,namesilo,,,19/09/2026 06:04
da4f7f22-5049-40a2-862d-6d5b745d3f29,utility.villas,available,59.99,59.99,high,low,7,namesilo,,,19/09/2026 06:04
d153c6df-bc65-4c60-bd37-66b54159af20,utility.diet,available,104.99,114.99,high,low,7,namesilo,,,19/09/2026 06:04
dd0a78d0-bd52-4dd7-ae32-0066b67cbe7d,power.ac,available,,,high,medium,5,,,,
57d6ce90-1b08-4daa-b885-3a8744ced71b,power.productions,premium,85.8,85.8,high,medium,5,namecheap,,,
4a6f9dfa-a140-461d-b2a5-58f859e3a48b,utility.archi,available,14.98,132.98,high,low,7,namecheap,,,19/09/2026 06:04
f0849f90-fb51-4a80-b3ce-37dd4b9c3292,utility.recipes,available,8.99,77.99,high,low,7,namesilo,,,19/09/2026 06:04
87a4e02c-49f8-4815-9ec3-0967c75f10cb,power.protection,available,1999.99,2049.99,high,medium,5,namesilo,,,08/09/2026 07:25
89c1bf55-f8a7-4ea0-b64a-3a4a086e840b,utility.skin,available,1.99,17.29,high,low,7,namesilo,,,19/09/2026 06:04
180e5c76-c000-4ed0-8470-f97168ca68eb,power.meme,premium,1690,1690,high,medium,5,namecheap,,,08/09/2026 07:25
cf39c402-6361-4e8e-95ff-cf28ea85895f,utility.tennis,available,65.99,65.99,high,low,7,namesilo,,,19/09/2026 06:04
8399a5f1-32d1-44b5-ac0f-167719011c58,utility.movie,available,47.99,349.99,high,low,7,namesilo,,,19/09/2026 06:04
df632343-49e2-4261-b6cf-b31dc7d091a9,utility.broker,available,11.98,47.98,high,low,7,namecheap,,,19/09/2026 06:04
0fa82604-fd21-46a5-83ec-6dad64823182,power.limo,available,,,high,medium,5,,,,
9ae10efa-bb28-427a-b83a-8ef12e4aae2c,power.guide,available,,,high,medium,5,,,,
632743ca-a15e-4ae8-a2a8-161b4e86e3cf,power.investments,premium,242,242,high,medium,5,namesilo,,,08/09/2026 07:25
d4c2f1a3-392b-42c6-8456-0ce46df94034,power.moi,available,25.99,25.99,high,medium,5,namesilo,,,08/09/2026 07:25
cd2b53a7-6f7b-45d4-bdc9-9bb2aa2d2667,power.college,premium,640,640,high,medium,5,namesilo,,,08/09/2026 07:25
2d67619a-b831-4adc-8854-35976c1c70dd,power.rehab,available,,,high,medium,5,,,,
9b83761b-8209-441c-af37-1d4547f2a412,utility.coupons,available,5.99,54.99,high,low,7,namesilo,,,19/09/2026 06:04
d028360d-4942-469c-885d-befd208ca5aa,power.fun,premium,812.5,3250,high,medium,5,namecheap,,,08/09/2026 07:25
867fbd09-2efd-4e46-b2f8-787eca2f810b,power.boston,premium,242,21.24,high,medium,5,namesilo,,,08/09/2026 07:25
25da10c4-6450-456d-8b33-65734c320052,utility.racing,premium,116,116,high,low,7,namesilo,,,19/09/2026 06:04
ad64b134-6a52-4bb9-9c78-a235808449c7,utility.realty,available,99.8,456.98,high,low,7,namecheap,,,19/09/2026 06:04
fde3043c-e1bf-4c09-a128-4c581aa896b5,power.estate,available,,,high,medium,5,,,,
a7a15f2f-70cf-4f5d-a1a3-ad8575c2ec3f,utility.voto,available,11.98,86.98,high,low,7,namecheap,,,19/09/2026 06:04
289d8034-75d0-4691-b9da-3127cea36cd3,utility.paris,available,66.98,66.98,high,low,7,namecheap,,,19/09/2026 06:04
a1374a30-7ddf-4e42-8dc4-daadae15831e,utility.properties,available,18.99,39.99,high,low,7,namesilo,,,19/09/2026 06:04
63b120ad-f49d-4df5-88e7-6f631ff10cc6,power.condos,available,,,high,medium,5,,,,
216c2256-32ba-4e98-8dc8-5f108bf01e6f,utility.ceo,available,10.19,129.99,high,low,7,namesilo,,,19/09/2026 06:04
45c7b35a-f5bd-4025-acc5-4633d701ea15,power.florist,available,,,high,medium,5,,,,
53d78681-1900-4bd4-be1a-03eb667233c5,power.plumbing,available,,,high,medium,5,,,,
fcf5dad7-8b5c-4718-9230-2e61e7caa2e3,utility.gives,available,14.99,23.99,high,low,7,namesilo,,,19/09/2026 06:04
0d508994-ee07-4e8c-9145-d50f6d4470af,power.now,resell,,,high,medium,5,Porkbun LLC,30/09/2024 21:07,30/09/2027 21:07,26/09/2026 08:16
0167ea69-1d3f-4eaa-a0e6-957a84ab9dce,power.contractors,resell,,,high,medium,5,"NameSilo, LLC",07/03/2021 10:17,07/03/2027 10:17,26/09/2026 08:16
3cc1e8b0-0627-44c3-85a4-6238fd67371f,utility.shopping,available,26.99,26.99,high,low,7,namesilo,,,19/09/2026 06:04
3735ee4f-6204-4a1f-9493-2529c85b7774,utility.talk,premium,71.4,71.4,high,low,7,namesilo,,,19/09/2026 06:04
24d25a81-84f2-47a6-bf6b-0db79a8c66b4,power.auto,available,1863.2,2064.2,high,medium,5,spaceship,,,09/10/2026 02:16
07ccee60-a7ee-4578-9337-d28f6ad06176,utility.lifestyle,available,5.49,39.99,high,low,7,namesilo,,,19/09/2026 06:04
24b163b1-3437-41fc-a521-5ffe3662039a,power.fan,available,,,high,medium,5,,,,
d17086c1-e941-4592-a557-19ca5c19c783,power.rodeo,premium,242,11.8,high,medium,5,namesilo,,,08/09/2026 07:25
c83a604c-0e4b-45c5-87ab-807fefc8a69a,utility.cleaning,available,75.49,75.49,high,low,7,namesilo,,,19/09/2026 06:04
ac22ee02-c3c6-4e07-abd3-b6a7e163b3bc,utility.law,resell,,,high,low,7,"GoDaddy.com, LLC",14/08/2020 08:57,14/08/2027 08:57,26/09/2026 09:55
e06a48f0-a3ca-4da1-8b2a-9b828ff4715f,power.homes,premium,845,15.73,high,medium,5,namecheap,,,
da04f84a-da71-4326-8f5f-1ca43eac7ad0,utility.clothing,available,32.99,32.99,high,low,7,namesilo,,,19/09/2026 06:04
a1f83eb4-7240-465b-9ab4-af56d0937439,power.site,premium,2729.67,10917.11,high,medium,5,porkbun,,,09/10/2026 02:16
dc07d49c-74bf-4e8c-a6a7-0ea5d50533cf,utility.kaufen,available,5.99,26.99,high,low,7,namesilo,,,19/09/2026 06:04
f473679f-56a0-4680-90ab-db1d3c4b4faf,power.diy,premium,1820,2600,high,medium,5,namecheap,,,08/09/2026 07:25
3e3ee44e-9ec4-4f86-b3a7-5f984da72bb6,power.cafe,available,,,high,medium,5,,,,
74ce764a-433d-48d4-8171-dad733e795cd,utility.im,available,,,high,low,7,,,,
1a8ac8b0-8e60-4c3f-bb48-121c55542adb,utility.sale,available,5.98,48.98,high,low,7,namecheap,,,19/09/2026 06:04
f8d4edf5-e9aa-4496-8c40-5c2c468be52d,utility.photo,available,29.99,29.99,high,low,7,namesilo,,,19/09/2026 06:04
ce4e75c0-f3a1-46e5-a5e7-b3f718ca381b,utility.deal,available,38.99,38.99,high,low,7,namesilo,,,19/09/2026 06:04
8aee038b-2a9b-4acd-9a71-f9b1cda3d980,power.sbs,premium,384,768,high,medium,5,namesilo,,,08/09/2026 07:25
fdeefc15-b40f-4048-9f3b-f7ce272bd6f3,utility.express,available,12.49,39.99,high,low,7,namesilo,,,19/09/2026 06:04
e0288f55-fefb-4569-8e14-3a8e2a387055,utility.style,available,16.99,38.99,high,low,7,namesilo,,,19/09/2026 06:04
eeeca832-260c-46d2-ac9e-4a4186d4901e,power.holdings,available,,,high,medium,5,,,,
c8ae7ffe-652d-443a-90c1-7be9e256063a,power.photography,available,,,high,medium,5,,,,
db14c6f0-b0fe-4abe-b6e2-2623d468bb0a,power.vacations,available,,,high,medium,5,,,,
9279c829-fee2-4c3f-905a-4d1d7544073d,power.delivery,available,,,high,medium,5,,,,
f27be8e8-545c-4c60-a607-5126fe631287,utility.tickets,available,359.99,488.88,high,low,7,namesilo,,,19/09/2026 06:04
4a6851ad-36d8-4ed8-bc62-9b4488769695,utility.tires,available,5.99,78.99,high,low,7,namesilo,,,19/09/2026 06:04
c543f9d1-c92f-406e-a64e-5af34c704660,utility.catering,available,38.99,38.99,high,low,7,namesilo,,,19/09/2026 06:04
04ca538a-15c1-418c-a5d9-f414ded0bb02,utility.care,available,20.99,44.49,high,low,7,namesilo,,,19/09/2026 06:04
e4b391b2-9172-4612-b6f3-ad3676962fcf,utility.car,available,1999.99,2199,high,low,7,namesilo,,,19/09/2026 06:04
7249e4ed-9b91-468e-ab7e-b27c7c3222da,utility.institute,available,5.98,37.98,high,low,7,namecheap,,,19/09/2026 06:04
bbeaba44-e50d-42e5-9036-51c9b3b6086c,power.hiv,available,195.99,195.99,high,medium,5,namesilo,,,08/09/2026 07:25
0e36e147-5ecf-447f-9ef3-cffcc7d65996,power.villas,available,,,high,medium,5,,,,
87141b50-edde-418e-be8a-e989412a266c,power.voting,available,1398,1448,high,medium,5,namecheap,,,08/09/2026 07:25
9e146e1a-30f5-4420-8ca9-dfabc9e01efc,utility.casino,available,6.98,191.98,high,low,7,namecheap,,,19/09/2026 06:04
b52ea625-1c01-4e00-aae9-55dc626db6e0,utility.rehab,available,36.99,36.99,high,low,7,namesilo,,,19/09/2026 06:04
b8797ad2-049b-4e5f-a754-8c6528569355,power.salon,available,,,high,medium,5,,,,
3671677d-97f1-416c-98e9-a85290304c14,utility.ryukyu,available,17.98,22.98,high,low,7,namecheap,,,19/09/2026 06:04
fcad1ae1-06af-44b9-be1f-c6a0ca3731d1,power.gay,premium,832,832,high,medium,5,namesilo,,,08/09/2026 07:25
45f04846-5721-4d73-abcf-69f4037b2154,power.enterprises,available,,,high,medium,5,,,,
21a75c1d-850f-49b5-8950-6aa94127df56,power.camp,available,,,high,medium,5,,,,
06295bfb-305f-40b3-878d-448c93fdd0e1,power.space,premium,1293.95,5175.2,high,medium,5,spaceship,,,09/10/2026 02:16
1010fd07-6154-4567-b518-6aae5c4f4794,power.express,available,,,high,medium,5,,,,
607c2e7d-94b3-41d3-9f34-657070f293dd,utility.shop,premium,2600,39,high,low,7,namecheap,,,19/09/2026 06:04
1ebb0a62-6137-49f7-96d1-12228417745c,utility.contact,available,14.99,14.99,high,low,7,namesilo,,,19/09/2026 06:04
4c0f5c85-343c-42ff-850b-3ad73f5b3478,utility.ing,premium,845,845,high,low,7,namecheap,,,19/09/2026 06:04
8b677193-7495-4306-a03f-2bb825c7dafa,power.hair,premium,832,832,high,medium,5,namesilo,,,08/09/2026 07:25
1e64ab75-6d9a-48da-afd8-dcc477eb8fbc,power.foundation,resell,,,high,medium,5,Dynadot Inc,04/01/2026 17:31,04/01/2027 17:31,26/09/2026 08:16
e9af22d0-4025-4eaf-b27c-feea3cb0981f,utility.memorial,available,52.99,52.99,high,low,7,namesilo,,,19/09/2026 06:04
633d4c83-3f8c-4933-8124-ecdf00f720fa,power.glass,available,,,high,medium,5,,,,
ce050c4c-f789-42ca-b360-834b43a3d8e2,utility.audio,available,104.99,114.99,high,low,7,namesilo,,,19/09/2026 06:04
d6a84973-0f58-4465-b898-7ac91012df6d,utility.yoga,available,32.49,32.49,high,low,7,namesilo,,,19/09/2026 06:04
542d988e-5ce1-4785-8928-83d4b70322e2,utility.channel,premium,76.7,76.7,high,low,7,namecheap,,,19/09/2026 06:04
803f3097-c924-4831-a5eb-df76ed77653f,power.team,available,,,high,medium,5,,,,
0438ed96-3501-4ff5-8004-1b862f69883c,utility.schule,available,28.99,28.99,high,low,7,namesilo,,,19/09/2026 06:04
d83f1c85-167e-4658-962d-58c1918dbc7b,power.coupons,available,,,high,medium,5,,,,
ce2a0bb0-e6bb-4a61-8646-bb1aa05d78bd,utility.courses,available,2.19,38.99,high,low,7,namesilo,,,19/09/2026 06:04
f0715f3b-c962-403f-8085-652acdba6e49,utility.healthcare,available,88.99,88.99,high,low,7,namesilo,,,19/09/2026 06:04
5d8b77de-bcee-4a60-a0dd-50de26d1318a,utility.xxx,premium,322.4,322.4,high,low,7,namecheap,,,19/09/2026 06:04
0410cccd-a83d-45ec-89fb-34fe079156f2,power.mobile,premium,1300,1300,high,medium,5,namecheap,,,08/09/2026 07:25
1329506f-03f7-405a-a4a5-f26547b2cc1b,utility.condos,available,58.99,58.99,high,low,7,namesilo,,,19/09/2026 06:04
45f92dfd-3328-409f-aa49-ff992a5b0e13,utility.furniture,available,23.98,127.98,high,low,7,namecheap,,,19/09/2026 06:04
2d6f7f95-abf4-4815-a409-541c4223096e,utility.vin,available,8.99,59.99,high,low,7,namesilo,,,19/09/2026 06:04
4257e53c-b2d8-4602-8d7e-07834b0f79e6,power.vision,available,,,high,medium,5,,,,
84a3798c-4663-4412-b01b-d025dfc871a6,power.university,available,,,high,medium,5,,,,
dfb2afd6-6673-4df4-b42c-6aeebac8deca,utility.rsvp,premium,76.7,76.7,high,low,7,namecheap,,,19/09/2026 06:04
5d007371-111c-4dfd-8a15-9bb102dc4c6f,power.futbol,available,,,high,medium,5,,,,
7d46b706-609a-46f5-aea6-57b7f42b2db6,utility.blackfriday,available,128.98,134.98,high,low,7,namecheap,,,19/09/2026 06:04
e4abebfc-13a0-4c5a-ac8d-18bad869dc59,power.graphics,available,,,high,medium,5,,,,
cd54c7e4-3fb2-4860-93ed-815eb0cfc702,utility.navy,available,41.99,41.99,high,low,7,namesilo,,,19/09/2026 06:04
89a04449-da74-414b-9362-cd8d0ff3ff46,utility.farm,available,15.99,38.99,high,low,7,namesilo,,,19/09/2026 06:04
ef068033-6312-43d4-b8a9-cc40a57b5439,power.bz,resell,25,,high,medium,5,Porkbun LLC,24/03/2026 13:15,24/03/2027 13:15,26/09/2026 08:16
6485e835-e1ee-4647-82c6-e642bc71c1e7,power.doctor,available,,,high,medium,5,,,,
8c881a08-7f8d-44ac-a580-28db9a47319f,power.dating,premium,118.8,118.8,high,medium,5,namesilo,,,08/09/2026 07:25
13b4533c-0864-4710-a7d4-3a247ad26893,power.bio,available,,,high,medium,5,,,,
fc7df97b-6935-4bbf-9f98-a2798bb4ee44,utility.cricket,premium,448,53.92,high,low,7,namesilo,,,19/09/2026 06:04
a6b809bc-894e-4a5e-b223-1c1beaf32d33,utility.guitars,available,104.99,114.99,high,low,7,namesilo,,,19/09/2026 06:04
ab17e78e-5b8a-4731-9b62-7f1ccf270113,utility.maison,available,57.99,57.99,high,low,7,namesilo,,,19/09/2026 06:04
14346d0a-2729-4db0-9ad4-d2c6afc60bf5,power.voto,available,,,high,medium,5,,,,
afcb3cde-9a13-4fe6-9512-db8cff6e33ce,utility.gratis,available,24.98,31.98,high,low,7,namecheap,,,19/09/2026 06:04
ec360e54-7321-405b-8f15-8f91cb1ce95c,utility.land,premium,128.7,128.7,high,low,7,namecheap,,,19/09/2026 06:04
8f31e247-a7b0-454b-9dd7-58f4d3b268cf,power.reisen,available,,,high,medium,5,,,,
bc2184fe-9015-4405-8c30-e799bf320324,power.rest,premium,819,1170,high,medium,5,namecheap,,,08/09/2026 07:25
491f8c39-f48a-465a-bd22-6289b98de351,utility.fund,available,14.99,71.99,high,low,7,namesilo,,,19/09/2026 06:04
a386488d-365d-4901-a58e-b0b4ee5d1f4c,utility.clinic,available,11.98,82.98,high,low,7,namecheap,,,19/09/2026 06:04
f99ad3e0-1a20-460e-b801-dcd5b56c664b,power.fans,premium,455,910,high,medium,5,namecheap,,,08/09/2026 07:25
07d2b7ea-2bb2-4bd4-a990-3345acf78b86,utility.cab,available,32.99,32.99,high,low,7,namesilo,,,19/09/2026 06:04
e1c59bde-1089-44f1-adf4-89bf2cd7bbb7,power.zip,premium,1298.7,1298.7,high,medium,5,namecheap,,,08/09/2026 07:25
fb7475d3-edfa-49a4-8e7c-04519361f7f7,power.adult,available,,,high,medium,5,,,,
8c710d38-3cd0-4d18-8eea-8161eb2c558a,utility.photography,available,14.49,36.49,high,low,7,namesilo,,,19/09/2026 06:04
280c1125-6807-4f99-a1cc-cd83f06fb459,power.lease,available,,,high,medium,5,,,,
2d59c3ee-07ec-402a-9131-5261dc24de13,utility.study,premium,53.92,53.92,high,low,7,namesilo,,,19/09/2026 06:04
ccf81536-f8e7-46ab-b340-7a21e54e7115,utility.attorney,available,62.99,62.99,high,low,7,namesilo,,,19/09/2026 06:04
333c8c77-1581-46a7-934d-10e7a79f7c4b,power.rentals,available,,,high,medium,5,,,,
83059caf-87c8-4538-917c-2caff8f7404c,power.barcelona,available,38.98,38.98,high,medium,5,namecheap,,,08/09/2026 07:25
f30ea5f1-f319-44b9-98c4-cdfc1b67eb3c,utility.mba,available,17.99,39.99,high,low,7,namesilo,,,19/09/2026 06:04
1a76dc2b-5b26-4b88-84ef-c4eef67f1503,power.bot,premium,3250,3250,high,medium,5,namecheap,,,08/09/2026 07:25
536c50e1-f0af-4a1f-b181-623c55c20862,utility.college,available,1.5,81.98,high,low,7,namecheap,,,19/09/2026 06:04
81aff552-02f5-44da-8f51-a629da140b59,power.voyage,available,,,high,medium,5,,,,
0c4e1522-b426-4b9f-afc5-a176d2719001,power.limited,available,,,high,medium,5,,,,
c58e2e5d-dc5a-4391-bb5a-6d38ab8414f9,utility.florist,available,32.99,32.99,high,low,7,namesilo,,,19/09/2026 06:04
f12efa5b-5770-45dc-828a-647f130ec75f,power.dog,available,,,high,medium,5,,,,
32a071ea-1edc-431f-919e-d8faf1df47c2,power.education,available,,,high,medium,5,,,,
fe0e0b6a-95df-477d-8fe4-69dcfcebe8d0,utility.moi,available,25.99,25.99,high,low,7,namesilo,,,19/09/2026 06:04
fe05007b-83ed-4fd0-be7a-8b7d3739df68,utility.day,premium,76.7,76.7,high,low,7,namecheap,,,19/09/2026 06:04
43bb3adc-2043-4774-9d31-568b21330c6f,utility.kiwi,available,31.98,35.68,high,low,7,namecheap,,,19/09/2026 06:04
907385f8-5c2b-44ea-85bd-034344fa3122,power.place,available,,,high,medium,5,,,,
59d06e23-e589-4978-ae7c-628f9a6f98bf,power.world,available,,,high,medium,5,,,,
e68b9b2f-757f-4a87-a860-fc2581fe801f,utility.shiksha,available,14.99,51.99,high,low,7,namesilo,,,19/09/2026 06:04
b39e4cc8-cf3b-413a-9258-817944a10eb6,power.mov,premium,1298.7,1298.7,high,medium,5,namecheap,,,08/09/2026 07:25
217c32a2-eacd-49de-b7dd-2630202f7c45,utility.coach,available,17.99,77.99,high,low,7,namesilo,,,19/09/2026 06:04
b4f14cd2-50f6-469b-a4a7-ca0d560093d5,power.mortgage,available,,,high,medium,5,,,,
a13a761a-dcee-49df-bed0-52ed651feed2,utility.prof,premium,115.7,115.7,high,low,7,namecheap,,,19/09/2026 06:04
ae3656b3-89b7-4dd0-a4ba-751aa5486eeb,utility.music,available,47.98,52.48,high,low,7,namecheap,,,19/09/2026 06:04
9c3aa4e7-9aea-42f9-a2a3-7c92bb350e4c,power.vin,available,,,high,medium,5,,,,
e9c0b26d-c3c6-4bb2-8748-3148756cf190,power.flowers,available,64.99,114.99,high,medium,5,namesilo,,,08/09/2026 07:25
45bc1ff1-bace-4f4c-aa27-f17849e8c694,utility.tours,available,5.98,81.98,high,low,7,namecheap,,,19/09/2026 06:04
c938452b-c2bc-4966-8808-1a1be2302ffd,utility.dog,available,7.49,64.99,high,low,7,namesilo,,,19/09/2026 06:04
c525ea4b-a71e-4724-9ffd-73163dc97c62,power.prof,premium,843.7,843.7,high,medium,5,namecheap,,,08/09/2026 07:25
31148849-f20c-49e0-8ae0-691a6a810a77,power.markets,premium,520,520,high,medium,5,namecheap,,,08/09/2026 07:25
8d2b2570-ccbc-4307-b564-e8522f5aca10,utility.hamburg,available,69.98,73.98,high,low,7,namecheap,,,19/09/2026 06:04
ad825de5-bfe2-4f8d-9e03-622d5f7bed81,power.pw,resell,,,high,medium,5,"Name.com, Inc.",03/12/2012 18:54,31/05/2027 23:59,26/09/2026 08:16
da185257-07da-40d0-a172-e2b537fe6b28,power.hospital,available,,,high,medium,5,,,,
bac87ec6-92c8-4af7-93ab-cae7fd061059,utility.foo,premium,167.7,167.7,high,low,7,namecheap,,,19/09/2026 06:04
174af9ea-fb0b-4b55-9707-dbaf521cde4f,utility.industries,premium,118.8,118.8,high,low,7,namesilo,,,19/09/2026 06:04
caa1ca0a-5fc2-4aaa-88cc-6e3131d6f1f0,power.repair,available,,,high,medium,5,,,,
cb8bc582-0c7d-4ec1-a380-fd40536f270c,power.maison,available,,,high,medium,5,,,,
43431fda-f4de-4b3f-af19-d97970c9d377,power.bingo,available,,,high,medium,5,,,,
730d9383-8000-41d4-8b5f-6dd7b5987015,utility.date,premium,384,53.92,high,low,7,namesilo,,,19/09/2026 06:04
d6b909c0-5d2f-49ed-b7dd-569edafde7ac,utility.family,available,39.99,39.99,high,low,7,namesilo,,,19/09/2026 06:04
f56c8d44-78ae-41fa-82e9-bd81f114a565,utility.storage,available,509.99,529.99,high,low,7,namesilo,,,19/09/2026 06:04
2d087d1f-3c34-4905-abae-200a3ad2a613,power.berlin,premium,794.3,794.3,high,medium,5,namecheap,,,08/09/2026 07:25
3b012d38-22fd-496a-ad07-496feba4f3ff,utility.university,available,62.99,62.99,high,low,7,namesilo,,,19/09/2026 06:04
d102141a-0043-4463-bae8-849617601b6c,power.gives,available,7.48,37.98,high,medium,5,namecheap,,,08/09/2026 07:25
2af63d45-6a08-4d4a-961c-583922d016f9,utility.trading,available,21.98,27.98,high,low,7,namecheap,,,19/09/2026 06:04
52d8a4f4-62c5-4cb6-aa67-9ea20f38fb83,utility.tel,resell,,,high,low,7,"GoDaddy.com, LLC",25/12/2018 20:53,25/12/2026 20:53,26/09/2026 09:55
a9ddf941-8ecb-49ff-9525-2101a5554bea,utility.media,resell,,,high,low,7,"Sav.com, LLC - 19",06/10/2025 15:15,06/10/2027 15:15,07/10/2026 05:14
b655e4cd-1256-4c92-a381-aa237e0bd1e5,utility.site,premium,1107,1107,high,low,7,namesilo,,,19/09/2026 06:04
db33cefa-8f5f-432f-b3be-93785d3c6218,utility.singles,available,9.49,33.99,high,low,7,namesilo,,,19/09/2026 06:04
6e3755f8-2b25-435b-b58f-28d136548573,power.republican,available,,,high,medium,5,,,,
8df85be4-1106-4e88-9fb7-7a42bfc28b40,power.cruises,available,,,high,medium,5,,,,
004a86bc-e78a-4ef6-93fb-8a6446cef0e8,power.rocks,available,,,high,medium,5,,,,
6ed1be65-e17b-464d-bcd0-4c1890a77a68,power.observer,premium,854,854,high,medium,5,namesilo,,,08/09/2026 07:25
dc4b0052-7a01-46b7-b608-a5913c719c0f,utility.games,available,33.99,33.99,high,low,7,namesilo,,,19/09/2026 06:04
aea5efc7-188f-4f0b-8f62-89bc6d7b89d8,utility.soy,premium,53.3,53.3,high,low,7,namecheap,,,19/09/2026 06:04
0df74747-b928-4703-82aa-cb138a36f0bc,utility.bio,resell,,,high,low,7,"Sav.com, LLC - 30",08/05/2026 15:15,08/05/2027 15:15,26/09/2026 09:55
43a9e302-142a-4618-86ae-56a01ec57f9e,utility.jetzt,available,24.48,30.48,high,low,7,namecheap,,,19/09/2026 06:04
3fe4660e-7145-45d3-aef9-20e4d9b24ed9,power.hockey,available,,,high,medium,5,,,,
4886e44b-a6f5-4d19-8d24-6ba8f6080398,power.cx,resell,,,high,medium,5,West263 International Limited,16/05/2023 14:41,16/05/2027 14:41,26/09/2026 08:16
05137caa-eceb-45f4-a113-5abcc556a38f,utility.cruises,available,56.99,56.99,high,low,7,namesilo,,,19/09/2026 06:04
ddf2f429-7c87-4204-926c-b2f8eeb7ca0d,utility.life,resell,,,high,low,7,Dynadot Inc,22/03/2018 08:33,22/03/2027 08:33,26/09/2026 09:55
8410ef4c-d1b4-4547-a548-f30547b48f24,utility.website,premium,1107,1107,high,low,7,namesilo,,,19/09/2026 06:04
d3cad976-6447-42e1-8e14-d2e9523cfad7,utility.gold,available,9.99,99.99,high,low,7,namesilo,,,19/09/2026 06:04
211c7c0c-07ce-48a4-852c-b7512bb79ddd,power.support,available,,,high,medium,5,,,,
e2faa3e6-17d7-4be6-a73a-f2ccfd741234,utility.bayern,available,34.99,34.99,high,low,7,namesilo,,,19/09/2026 06:04
07515c79-b19e-49bc-bcca-ec496d9795c1,power.luxury,premium,520,520,high,medium,5,namecheap,,,08/09/2026 07:25
3e632e8f-296f-4ba3-bbad-f12e69bd1f27,energy.racing,premium,130,130,high,medium,6,namecheap,,,08/10/2026 08:27
e931dd79-e1e6-4a3e-accc-e65ba1910aca,utility.christmas,available,34.99,34.99,high,low,7,namesilo,,,19/09/2026 06:04
4bb66800-a3b1-4f9a-bb2b-76fdb119ba3f,utility.estate,available,15.99,38.99,high,low,7,namesilo,,,19/09/2026 06:04
cdeeb069-ae58-4f2c-a60e-f33e53c461c7,utility.haus,available,14.99,33.99,high,low,7,namesilo,,,19/09/2026 06:04
900e874e-16e6-40eb-ae9f-575378833e3d,utility.theater,available,65.99,65.99,high,low,7,namesilo,,,19/09/2026 06:04
b54a80d5-41bf-460a-89c9-76d776b532e1,power.press,premium,975,1950,high,medium,5,namecheap,,,08/09/2026 07:25
a0dcac71-f6d9-45f2-9c95-2018b2519e48,power.apartments,available,,,high,medium,5,,,,
3585fe4f-ca61-4d20-ba48-cca8eabd6663,power.how,premium,474.5,474.5,high,medium,5,namecheap,,,08/09/2026 07:25
e085d27c-3d2c-44e2-a43c-342b23390246,utility.how,premium,122.2,122.2,high,low,7,namecheap,,,19/09/2026 06:04
7651625c-bbe9-4777-b54b-7819c0d7972e,power.onl,premium,65,130,high,medium,5,namecheap,,,
e880ff87-6971-413e-a844-f9e5901ae9b8,power.casino,available,,,high,medium,5,,,,
40e1b800-c294-4108-b2c6-938719200d8e,energy.srl,premium,54.28,30.68,high,medium,6,namesilo,,,08/10/2026 08:27
6b37b3c0-80cf-47b5-9f44-df0a4a5f608b,power.review,premium,3250,130,high,medium,5,namecheap,,,08/09/2026 07:25
807abebe-3b1f-4d23-a1e1-02382b54a9b3,power.soccer,available,,,high,medium,5,,,,
b37c6ce0-c9bc-4a23-b6ea-0ae07166bd6d,energy.channel,premium,516.67,516.67,high,medium,6,spaceship,,,08/10/2026 08:27
36e79ed1-d69a-4cf6-870e-5ca7c06ec25b,utility.reise,available,27.89,97.99,high,low,7,namesilo,,,19/09/2026 06:04
2fb8a907-d368-49f5-a8e3-249b6778174e,utility.restaurant,available,20.99,64.99,high,low,7,namesilo,,,19/09/2026 06:04
b5f73265-df94-480a-9e10-c7176cc8aa69,utility.gift,available,14.99,14.99,high,low,7,namesilo,,,19/09/2026 06:04
e84e355a-0db0-4849-be3d-81b1c0c690d8,power.ltda,premium,56.64,33.04,high,medium,5,namesilo,,,08/09/2026 07:25
35f26f38-b77b-4a0a-8948-802ad6e27e77,utility.plus,available,15.99,53.99,high,low,7,namesilo,,,19/09/2026 06:04
971d58b8-15c9-4f24-b385-a4f9a8d08ec4,utility.codes,available,3.98,92.98,high,low,7,namecheap,,,19/09/2026 06:04
be4dd260-4102-489c-b381-e2533c7baba0,power.loans,available,,,high,medium,5,,,,
d306b892-fa54-4427-b850-cedc2e735fa2,energy.fast,premium,550,550,high,medium,6,dynadot,,,08/10/2026 08:27
98ae329d-5841-40e3-8820-6afd8ec8cb9b,power.run,available,,,high,medium,5,,,,
a10e68e5-f32c-4866-a86f-f9230775ead9,utility.security,available,1999.99,2049.99,high,low,7,namesilo,,,19/09/2026 06:04
c0b8a725-b3dd-4adf-8891-3b5565589441,power.sexy,premium,13000,13000,high,medium,5,namecheap,,,08/09/2026 07:25
0f64d396-eff1-41ba-abb0-8d177dea0ee7,energy.memorial,premium,128.7,128.7,high,medium,6,namecheap,,,08/10/2026 08:27
ee5e24d5-70ff-4370-bd85-b222e8ac6bad,power.rich,available,,,high,medium,5,,,,
ff3d3ad1-0ba6-4a51-9998-4ad24f52cdd7,power.contact,available,,,high,medium,5,,,,
d265ad86-ed05-4911-a573-83f42f91361b,power.exposed,available,,,high,medium,5,,,,
b869c244-2d91-4273-b8c4-176360ef9d85,utility.de,resell,,,high,low,7,,,,26/09/2026 09:55
f00e8730-63ad-42a8-85b6-e24d0b79672e,power.ceo,premium,510.98,510.98,high,medium,5,namesilo,,,08/09/2026 07:25
1cbf2bc5-b74c-4b8f-8a89-b873748a6366,power.gmbh,available,,,high,medium,5,,,,
4eaded25-5de3-42ff-9d83-ad8a28ce2f01,utility.doctor,available,14.49,116.99,high,low,7,namesilo,,,19/09/2026 06:04
fb3428fa-1b5d-4092-ae3a-3ee38ba66c85,utility.gifts,available,38.48,47.48,high,low,7,namecheap,,,19/09/2026 06:04
9660f6d9-9eb3-42a7-b4dd-c4a5cc1cfe57,power.dance,available,,,high,medium,5,,,,
f51fdfa7-b14c-4d5a-ac78-f03c026d80c5,utility.immo,available,36.98,43.98,high,low,7,namecheap,,,19/09/2026 06:04
d0d5dcbb-4bb9-4e41-8142-670581a2c133,energy.mortgage,premium,242,242,high,medium,6,namesilo,,,08/10/2026 08:27
5873d251-a147-485a-81ee-a9b97abbc310,energy.rip,available,23.49,23.49,high,medium,6,namesilo,,,08/10/2026 08:27
b8ee70e6-4fb1-40ff-a0c7-0e6af9b40714,utility.accountants,available,117.99,117.99,high,low,7,namesilo,,,19/09/2026 06:04
a2d7e7f6-346e-4d15-a094-e179bb67070a,energy.diamonds,available,43.67,43.67,high,medium,6,spaceship,,,08/10/2026 08:27
b7044df9-1ae4-448a-98a4-d5952edef437,energy.onl,resell,,,high,medium,6,Porkbun LLC,28/05/2025 05:07,28/05/2027 05:07,08/10/2026 08:27
511956bf-48a0-4ca8-a87f-112abea7a01c,energy.vodka,premium,88,26.97,high,medium,6,dynadot,,,08/10/2026 08:27
6ad19cd2-fde3-4cce-beeb-4c75f59a0be9,power.gripe,available,,,high,medium,5,,,,
8870abf5-fcfa-4246-b222-5fa703ce8cd0,power.tax,available,,,high,medium,5,,,,
ab3aa90d-129a-4986-a9f2-ba71326a19c7,power.theater,available,,,high,medium,5,,,,
4a4386fa-2593-4c77-b980-fe7f43cf396c,energy.land,resell,,,high,medium,6,Dynadot Inc,08/05/2022 13:15,08/05/2027 13:15,08/10/2026 08:27
652e9cbc-f5d2-4240-ab2d-483cea8da7e3,energy.how,premium,768.3,768.3,high,medium,6,namecheap,,,08/10/2026 08:27
f8faa81f-a84f-4a30-b6e0-4c2cf81a02be,energy.world,resell,,,high,medium,6,Porkbun LLC,12/01/2015 20:56,12/01/2027 20:56,08/10/2026 08:27
a47f866d-7b2c-41f2-858b-816f27c172c1,power.storage,available,509.99,529.99,high,medium,5,namesilo,,,08/09/2026 07:25
1412d5b7-ef66-4ee8-914b-754dcd6bba05,utility.cat,available,26.98,38.98,high,low,7,namecheap,,,19/09/2026 06:04
8940f7b5-be8b-47bf-895c-0ce4d7861052,power.tours,premium,118.8,118.8,high,medium,5,namesilo,,,08/09/2026 07:25
15f41e95-6aa0-4e44-b167-c780827d2083,energy.law,resell,,,high,medium,6,"GoDaddy.com, LLC",20/08/2020 18:28,20/08/2028 18:28,08/10/2026 08:27
7ae5096a-f992-4883-b173-417beb465627,energy.careers,premium,440,440,high,medium,6,dynadot,,,08/10/2026 08:27
f198e37c-05fd-4fc1-8782-bf98777eb5ab,power.build,premium,650,650,high,medium,5,namecheap,,,08/09/2026 07:25
96d6cf2c-116b-439b-b688-db905096293e,power.industries,premium,42.9,42.9,high,medium,5,namecheap,,,
5a0072e2-82b4-4eb2-a3d9-9da249ea10b4,power.attorney,premium,1107,1107,high,medium,5,namesilo,,,08/09/2026 07:25
3d420cc3-a1f3-45eb-80ce-fc8841708309,power.talk,premium,153.6,153.6,high,medium,5,namesilo,,,08/09/2026 07:25
4082a1eb-3d81-4bb1-91c8-ef01d23363c4,power.reise,available,,,high,medium,5,,,,
0df14983-8d83-4a2d-b869-6b02331c822e,energy.shoes,available,31.25,51.95,high,medium,6,spaceship,,,08/10/2026 08:27
f5f7df07-f1cf-4342-83aa-281da95d6063,energy.live,resell,,,high,medium,6,"GoDaddy.com, LLC",22/04/2016 03:35,22/04/2027 03:35,08/10/2026 08:27
fa13ff41-3695-42aa-a2df-4233cc0f230b,energy.party,resell,,,high,medium,6,"Spaceship, Inc.",27/03/2022 15:44,27/03/2027 15:44,08/10/2026 08:27
a41e66a8-9506-47c0-b471-1d11963396c2,power.webcam,premium,640,77.35,high,medium,5,namesilo,,,08/09/2026 07:25
537a23b4-fdd7-440f-bb56-f4245192604d,utility.camp,available,62.99,62.99,high,low,7,namesilo,,,19/09/2026 06:04
c27692ad-ee3e-4b8e-acac-f1b283a48bbd,power.free,premium,640,640,high,medium,5,namesilo,,,08/09/2026 07:25
85b6d5a1-2854-45d9-8b79-ea35cc57c8ac,utility.parts,available,12.99,41.99,high,low,7,namesilo,,,19/09/2026 06:04
02fd5d16-94df-44ef-81e2-a1794b2ec108,utility.show,available,18.99,44.49,high,low,7,namesilo,,,19/09/2026 06:04
99d6bd67-3c7c-4f6b-b6ae-30d65f70fd8d,energy.deal,premium,517.7,517.7,high,medium,6,spaceship,,,08/10/2026 08:27
a50b8e92-8886-4c4a-a884-9b96fab3d447,power.band,premium,512,512,high,medium,5,namesilo,,,08/09/2026 07:25
809c9cdc-7b2b-4499-b08b-6291bec97b16,power.legal,available,,,high,medium,5,,,,
b3f34766-1cd1-4cc4-9892-53fc510629cb,utility.vana,available,2298,2498,high,low,7,namecheap,,,19/09/2026 06:04
e872cb20-821d-42d6-ac01-b544c1a44941,energy.dad,premium,499.2,516.67,high,medium,6,unstoppable,,,08/10/2026 08:27
d19a7207-1aa0-4930-8231-2fa73db9cdf7,power.download,premium,448,53.92,high,medium,5,namesilo,,,08/09/2026 07:25
3cfc2975-8512-4044-981c-4d07ed8d2206,power.travel,available,,,high,medium,5,,,,
449595e3-a414-4d48-ac5c-075f402ddf93,power.vet,available,,,high,medium,5,,,,
6d9f0695-bb87-43a8-838f-aee9815e3175,energy.health,premium,7762.7,62.3,high,medium,6,spaceship,,,08/10/2026 08:27
7b33c1bd-ab28-4735-b413-cb6e88adfb39,power.porn,available,,,high,medium,5,,,,
f40887aa-98af-4616-bc63-5e2d81428486,power.living,premium,1820,2600,high,medium,5,namecheap,,,08/09/2026 07:25
59522cd3-9ede-4f37-8d45-7c2f0d0e6a99,power.digital,available,,,high,medium,5,,,,
1772d17b-b5dc-4a35-8fe7-0ce5140dff6f,power.democrat,available,,,high,medium,5,,,,
73239366-5f33-4f14-8ce3-5b64930b042a,energy.reise,available,115.48,143.48,high,medium,6,namecheap,,,08/10/2026 08:27
427752a7-0806-48db-ba22-ff27db3415db,utility.football,available,25.99,25.99,high,low,7,namesilo,,,19/09/2026 06:04
bdd324d2-472c-4c3c-a0ff-722d3fa3505b,utility.soccer,available,25.99,25.99,high,low,7,namesilo,,,19/09/2026 06:04
94e4f70c-1065-48e4-b149-d81a7e409ffb,power.irish,available,,,high,medium,5,,,,
8b605ded-c26a-4c00-b324-ea1b71cde618,power.archi,available,,,high,medium,5,,,,
b5216f3a-9d0b-4ff1-9c17-82d85ce1c2e7,energy.trading,premium,1035.2,1035.2,high,medium,6,spaceship,,,08/10/2026 08:27
41f4628d-d1de-4dbf-a2a2-b29d1a1c4e43,utility.kitchen,available,10.99,64.99,high,low,7,namesilo,,,19/09/2026 06:04
5d23872a-7e25-4039-8c52-631daa18f2c8,power.wtf,available,,,high,medium,5,,,,
7db1f7cc-b201-47c2-915c-5bf709d15977,utility.lease,available,56.99,56.99,high,low,7,namesilo,,,19/09/2026 06:04
3b193d95-3825-44fc-8df4-cbaf43f2077b,energy.security,available,1999.99,2049.99,high,medium,6,namesilo,,,08/10/2026 08:27
fcd171d6-5fb4-4a6f-b6cf-a1037b08707d,utility.phd,premium,115.7,115.7,high,low,7,namecheap,,,19/09/2026 06:04
5d8d2e00-07ef-4a56-9fd9-27a3000f1b93,power.menu,available,,,high,medium,5,,,,
dfce0057-d191-46eb-b5a7-91a590ae3a98,energy.tips,premium,400.5,414.2,high,medium,6,unstoppable,,,08/10/2026 08:27
c0c74d4b-e5f3-43b8-a45d-681cd55b2130,power.works,available,,,high,medium,5,,,,
f12ff9d4-1386-456b-bc97-52189ba2a62c,energy.football,available,10.92,23.76,high,medium,6,dynadot,,,08/10/2026 08:27
375dbf64-01c8-4869-839c-c8c05be6b3e4,utility.host,available,4.99,109.99,high,low,7,namesilo,,,19/09/2026 06:04
70e37720-deb0-474c-bb4d-0bc937e298fc,energy.car,available,1999.99,2199,high,medium,6,namesilo,,,08/10/2026 08:27
b5a2c429-f1a1-42b5-ad66-ca9d124ee5e3,energy.group,resell,,,high,medium,6,"GoDaddy.com, LLC",04/06/2016 16:00,04/06/2027 16:00,08/10/2026 08:27
25477e63-19ad-444a-8f31-c7f8d26121ce,power.charity,resell,5.99,,high,medium,5,Porkbun LLC,24/03/2026 13:16,24/03/2027 13:16,26/09/2026 08:16
4967f8d1-f51b-427f-88e4-e4c6917e425b,power.page,premium,638.72,638.72,high,medium,5,namesilo,,,08/09/2026 07:25
e4702e18-4482-43e4-9cb4-a50ecb901ff3,utility.forum,available,1.8,49.98,high,low,7,namecheap,,,19/09/2026 06:04
5480cb28-764f-4a08-a9a4-9fd636c5cdff,power.ryukyu,available,,,high,medium,5,,,,
5d9d18a5-83d2-4c0d-8053-749be429ecb5,utility.dance,available,16.99,27.49,high,low,7,namesilo,,,19/09/2026 06:04
53722af7-37e9-4432-9356-59ec33fa6148,energy.photo,premium,116,116,high,medium,6,namesilo,,,08/10/2026 08:27
85077984-5fab-4e46-86d6-6a833c653139,energy.camp,premium,414.2,414.2,high,medium,6,spaceship,,,08/10/2026 08:27
aaed2ae3-c11c-47b6-b0c3-59c116b097ab,utility.tienda,available,59.99,59.99,high,low,7,namesilo,,,19/09/2026 06:04
26f0dcc2-9be5-41eb-9c2d-c3abe8f2242a,utility.fyi,premium,17.7,17.7,high,low,7,namesilo,,,19/09/2026 06:04
7ec05720-c2ef-45ed-b178-1d76e2486260,energy.tienda,available,5.57,49.44,high,medium,6,dynadot,,,08/10/2026 08:27
b848933b-1eca-4435-a271-b0a19a023595,power.jetzt,available,,,high,medium,5,,,,
8f6091bf-e79e-496c-bc59-7a642de3255b,utility.beer,available,1.98,43.98,high,low,7,namecheap,,,19/09/2026 06:04
c40d3b48-7807-476a-8af9-9e3a5a3db3fb,energy.schule,available,22.2,22.2,high,medium,6,cloudflare,,,08/10/2026 08:27
75f9e818-decd-4a60-b501-e605ec17686c,power.game,premium,1690,1690,high,medium,5,namecheap,,,08/09/2026 07:25
76383ab3-0e44-4354-aeb1-4ea03d921e6d,utility.ac,available,28.98,76.98,high,low,7,namecheap,,,19/09/2026 06:04
7e60ab53-8bd6-4730-ab97-005871f4ea84,energy.yoga,resell,,,high,medium,6,"Spaceship, Inc.",23/04/2021 16:00,23/04/2027 16:00,08/10/2026 08:27
d4e8a4b2-7319-4b58-96c7-a58ef068bab8,utility.ltda,available,42.98,46.98,high,low,7,namecheap,,,19/09/2026 06:04
c79c5b6d-bdbd-4b19-bd23-ea91c4cbbdca,power.fm,premium,1273.6,102,high,medium,5,namesilo,,,08/09/2026 07:25
c490e269-351d-4736-8b3a-370588739064,utility.bar,premium,819,1170,high,low,7,namecheap,,,19/09/2026 06:04
64d19197-abf5-4430-ae6e-6e2ebffe777d,power.lawyer,premium,1107,1107,high,medium,5,namesilo,,,08/09/2026 07:25
de8c84f5-5e61-49f0-98ed-25c48867fecc,power.memorial,available,,,high,medium,5,,,,
8e112c5c-68ff-4b70-a64b-da52c5a4360d,utility.uk,resell,,,high,low,7,123-Reg Limited t/a 123-reg,12/06/2014 10:48,12/06/2027 10:48,26/09/2026 09:55
6222be7b-0b53-45e5-b11b-eda5242e715c,energy.coffee,premium,99.5,102.67,high,medium,6,unstoppable,,,08/10/2026 08:27
8e6430fb-5d6d-43f2-976e-6f9e9b455f93,utility.gmbh,available,45.99,45.99,high,low,7,namesilo,,,19/09/2026 06:04
8c9ca0b6-74be-4ee1-8611-a2749cbf59f0,energy.meme,premium,672.95,672.95,high,medium,6,spaceship,,,08/10/2026 08:27
a01072e1-7dc2-47a6-969b-54125b264e8e,utility.reviews,premium,118.8,118.8,high,low,7,namesilo,,,19/09/2026 06:04
0d1a9d31-536a-48d2-bea1-93f09d04e4a1,utility.boston,premium,47.2,21.24,high,low,7,namesilo,,,19/09/2026 06:04
86240f1b-55a0-4cc1-a9d7-94ba4351c23b,energy.flights,premium,118.8,118.8,high,medium,6,namesilo,,,08/10/2026 08:27
577b4346-d2f7-4fd7-a520-564406881ca9,power.theatre,available,509.99,529.99,high,medium,5,namesilo,,,08/09/2026 07:25
7e595c05-9d24-4edb-b3b8-e8ee71fff8a4,energy.faith,premium,517.7,67.48,high,medium,6,spaceship,,,08/10/2026 08:27
0107b4f2-1959-4687-a792-556a2ff547b1,utility.reisen,available,21.98,28.98,high,low,7,namecheap,,,19/09/2026 06:04
5517d5b5-111c-4082-a1aa-91680de4b23d,utility.vegas,available,12.99,43.99,high,low,7,namesilo,,,19/09/2026 06:04
b8e96d37-7ffd-46da-b14d-4e72cbc3c922,energy.fish,premium,118.8,118.8,high,medium,6,namesilo,,,08/10/2026 08:27
0e9c0ca9-9bc2-4f08-a9e8-507a8ce545c8,power.dental,available,,,high,medium,5,,,,
8bc97f15-6f1a-43b5-9c60-433b28857763,energy.fans,premium,,,high,medium,6,TLD Registrar Solutions Ltd.,29/08/2018 12:12,29/08/2027 23:59,08/10/2026 08:27
1adc931f-1b3f-4ab8-8520-d55790970823,power.ski,premium,118.8,118.8,high,medium,5,namesilo,,,08/09/2026 07:25
065d3f9f-662d-4a96-8b2a-918bbf290b4f,utility.market,premium,512,512,high,low,7,namesilo,,,19/09/2026 06:04
0e2ecc67-fe93-449a-90d9-d23eb79e2552,energy.graphics,available,23.99,23.99,high,medium,6,namesilo,,,08/10/2026 08:27
0231bda2-d6c4-4009-a820-9a17f06925be,power.movie,available,,,high,medium,5,,,,
6edc9d6f-7269-441d-9028-dc27a6b5ad87,energy.zip,premium,648.7,648.7,high,medium,6,namecheap,,,08/10/2026 08:27
2bf71c77-db7f-4205-95b6-bb7e5167f6ac,power.tennis,available,,,high,medium,5,,,,
429ceb46-1d05-4efb-a9d3-49c02fef1add,power.engineering,premium,512,512,high,medium,5,namesilo,,,08/09/2026 07:25
05967276-d2b2-464a-b9e3-dd17998aa069,utility.spot,premium,116,116,high,low,7,namesilo,,,19/09/2026 06:04
2d775213-e4be-454b-8a9c-acbd213be4cb,energy.cooking,premium,96,29.5,high,medium,6,namesilo,,,08/10/2026 08:27
b7219041-105f-40c6-9c3a-d14520c0cfa3,power.gifts,available,,,high,medium,5,,,,
0d8f0951-22f9-49ae-8a9f-730309d6da95,power.kim,available,,,high,medium,5,,,,
834b8803-2958-4661-8b42-310e356ef223,utility.surgery,available,54.99,54.99,high,low,7,namesilo,,,19/09/2026 06:04
fb97d9d8-19dd-49f3-b8fe-252463a208f2,utility.pw,premium,650,650,high,low,7,namecheap,,,19/09/2026 06:04
0eb54462-5a16-4728-8344-c5f0e2d4dfef,utility.gripe,available,6.98,8.98,high,low,7,namecheap,,,19/09/2026 06:04
7f75d8a0-912b-44c8-b1a4-450a447ab225,energy.vip,premium,,,high,medium,6,Dynadot Inc,20/04/2017 01:01,20/04/2028 01:01,08/10/2026 08:27
e972ea6c-eeb1-40a0-b984-91731b10b482,energy.travel,available,27.99,149.99,high,medium,6,namesilo,,,08/10/2026 08:27
95594752-7a43-4ce4-bbb6-d93880811bf3,utility.solutions,resell,,,high,low,7,"Sav.com, LLC",27/01/2025 16:16,27/01/2027 16:16,26/09/2026 09:55
cd8ab985-6180-40c5-b91f-4d5ceefaf0c7,power.actor,available,,,high,medium,5,,,,
1ca00777-112f-4727-a3a2-d83b4bbe8217,utility.dating,available,20.99,64.99,high,low,7,namesilo,,,19/09/2026 06:04
3c48c83d-27a8-4ef1-9fab-2f4a172eae2c,energy.ski,available,26.5,52.01,high,medium,6,unstoppable,,,08/10/2026 08:27
34ab6cc2-5465-426b-af10-a8842de49469,power.moda,available,,,high,medium,5,,,,
1ece0644-548b-485e-868e-e5451955a909,power.cyou,premium,384,768,high,medium,5,namesilo,,,08/09/2026 07:25
188bfd21-8cf7-4852-99f0-017b01b59fbf,power.dealer,premium,4278,2660,high,medium,5,namesilo,,,09/10/2026 02:16
7ff22c22-0edf-4703-a174-8d2ba27abf04,power.toys,resell,,,high,medium,5,"GoDaddy.com, LLC",02/11/2019 22:25,02/11/2027 22:25,07/10/2026 07:23
64ed73f0-6e4e-4762-8bf6-c87092e87a5b,utility.careers,available,34.99,71.99,high,low,7,namesilo,,,19/09/2026 06:04
9200ee46-d68b-4b3e-94ff-c45596e49e43,energy.rehab,premium,207.2,207.2,high,medium,6,spaceship,,,08/10/2026 08:27
e7bf09a1-c909-4b50-aee1-5146a9ac3b9f,energy.guitars,available,104.99,114.99,high,medium,6,namesilo,,,08/10/2026 08:27
2aedcf0d-3fa7-47f8-93a1-140aecb23292,power.vodka,premium,96,29.5,high,medium,5,namesilo,,,08/09/2026 07:25
a42273c5-d669-4e3f-a3b6-99351226ffe8,energy.locker,premium,159.23,8.8,high,medium,6,namesilo,,,08/10/2026 08:27
43983597-49d9-4b8e-8c82-73ff33bafb0b,power.hamburg,available,69.98,73.98,high,medium,5,namecheap,,,08/09/2026 07:25
7eec74ba-f5d5-4101-aa99-0aef4447c439,power.fyi,resell,,,high,medium,5,Porkbun LLC,11/09/2025 19:35,11/09/2027 19:35,26/09/2026 08:16
fada1d73-b6dd-45f7-aa54-4bf914b8c0e8,energy.webcam,premium,517.7,67.48,high,medium,6,spaceship,,,08/10/2026 08:27
cacf99f2-0585-4ad2-831e-aa4072f9810d,utility.boo,premium,76.7,76.7,high,low,7,namecheap,,,19/09/2026 06:04
b09339e6-88b0-4456-a7a2-214a74454807,power.qpon,premium,3450,23.54,high,medium,5,namesilo,,,08/09/2026 07:25
e8b039d2-b46d-4619-8f07-931af932650f,utility.sarl,available,6.99,6.99,high,low,7,namesilo,,,19/09/2026 06:04
5a108dad-8587-4316-95e5-b9bcc10debf4,energy.fm,premium,1273.6,102,high,medium,6,namesilo,,,08/10/2026 08:27
df5eae95-ec7a-4502-9bdf-c0e927381132,utility.esq,premium,115.7,115.7,high,low,7,namecheap,,,19/09/2026 06:04
e4eba91e-ff9d-486c-8f86-5c79b4253628,utility.science,premium,1107,116,high,low,7,namesilo,,,19/09/2026 06:04
c4cf5e9a-7a1c-4f40-b217-b33ed9f1f143,utility.srl,available,31.99,31.99,high,low,7,namesilo,,,19/09/2026 06:04
be87d674-ce13-41f8-82e2-5eba4f934e90,utility.dentist,available,65.99,65.99,high,low,7,namesilo,,,19/09/2026 06:04
339f1c1a-b09b-4b52-8254-13062d015878,utility.cool,available,5.98,50.98,high,low,7,namecheap,,,19/09/2026 06:04
f5205a80-6f58-49b1-856d-dd5b4743a56e,utility.taxi,available,10.99,62.99,high,low,7,namesilo,,,19/09/2026 06:04
0024b80b-661c-4898-8a55-918b9e992e84,energy.cv,premium,1339.98,8.85,high,medium,6,namesilo,,,08/10/2026 08:27
b7d2a63f-54f5-4442-8597-8fae71620e58,utility.you,premium,65,65,high,low,7,namecheap,,,19/09/2026 06:04
fbc8e15c-2ed3-4d5e-93a6-e27fb13a8c3c,utility.tips,available,15.99,30.99,high,low,7,namesilo,,,19/09/2026 06:04
da67f516-7cb1-41ea-8c2a-43effb1d02d6,utility.cheap,available,8.99,36.49,high,low,7,namesilo,,,19/09/2026 06:04
1fa8d23b-c6a7-42a4-8c14-5185683b696d,power.beauty,premium,832,832,high,medium,5,namesilo,,,08/09/2026 07:25
00808ddc-dedd-49f7-b57b-046c2a02ebaa,power.srl,premium,54.28,30.68,high,medium,5,namesilo,,,08/09/2026 07:25
2373eaf7-9471-4293-b6d7-9049fd9e6018,energy.ltd,resell,,,high,medium,6,"Sav.com, LLC - 13",17/09/2026 15:15,17/09/2027 15:15,08/10/2026 08:27
3fc64e79-0bf6-42bb-b670-60a351a84461,utility.international,available,12.99,31.49,high,low,7,namesilo,,,19/09/2026 06:04
2b0a45b2-7753-42e2-9167-97f86cbdeb81,power.jewelry,available,,,high,medium,5,,,,
7c0c1d3e-707c-4c0f-a3a5-b17cadb616ea,utility.luxe,premium,512,17.7,high,low,7,namesilo,,,19/09/2026 06:04
a4579dba-1816-4da4-b32c-5ceb97f048b5,utility.social,available,3.98,55.98,high,low,7,namecheap,,,19/09/2026 06:04
2fae0489-ad88-46e3-a087-2f4bcc92970b,energy.bingo,available,53.99,53.99,high,medium,6,namesilo,,,08/10/2026 08:27
5dd9ede1-c09b-470f-b6b2-8f656f8ec25c,utility.voting,available,1398,1448,high,low,7,namecheap,,,19/09/2026 06:04
f6a4826a-d148-42e0-bb0f-b1c4583fc45e,energy.university,premium,128.7,128.7,high,medium,6,namecheap,,,08/10/2026 08:27
90b19fad-5833-4894-877b-f867797bcc91,power.property,available,,,high,medium,5,,,,
45eb7065-f91f-495a-8515-f90c345416eb,utility.house,available,19.99,44.49,high,low,7,namesilo,,,19/09/2026 06:04
94a7f233-455e-4350-9698-c8ddcbb37f68,energy.school,resell,,,high,medium,6,"Global Domains International, Inc. DBA DomainCostClub.com",19/05/2026 15:15,19/05/2027 15:15,08/10/2026 08:27
e1400aa7-f12c-4fd7-b3ad-8c7f810f6730,utility.church,available,14.99,58.99,high,low,7,namesilo,,,19/09/2026 06:04
000c31eb-2117-482e-a071-73c02aadd5e2,utility.cfd,premium,192,384,high,low,7,namesilo,,,19/09/2026 06:04
27fc906c-680a-4473-808d-49c09c09c15b,utility.kids,premium,53.92,21.24,high,low,7,namesilo,,,19/09/2026 06:04
a0fd2792-e351-4e10-b26a-402ead06623d,utility.limo,available,57.98,68.98,high,low,7,namecheap,,,19/09/2026 06:04
79e1fe90-91c9-4568-9b01-c6f3874e61f7,utility.kim,available,5.98,32.98,high,low,7,namecheap,,,19/09/2026 06:04
cf7877f9-e88e-4e3e-a9b6-e180eba8b2ab,power.luxe,premium,854,17.7,high,medium,5,namesilo,,,08/09/2026 07:25
9ca4866a-73ff-403b-98df-ed46d518a252,utility.giving,available,7.48,35.98,high,low,7,namecheap,,,19/09/2026 06:04
07b3ee1a-17f3-4ebf-9454-f990720794b8,power.country,available,2298,2450,high,medium,5,namecheap,,,08/09/2026 07:25
eaf8f0c9-38c6-4564-ba47-b8c6a99d12fe,energy.hiphop,available,23.99,23.99,high,medium,6,namesilo,,,08/10/2026 08:27
55fae38d-c7e0-4ed7-b79b-f57f38d781c8,power.organic,available,,,high,medium,5,,,,
c340222d-61c4-4044-b3b8-d0fa1f2f5f46,power.schule,available,,,high,medium,5,,,,
9e8cc9f3-c883-4520-a780-22afc34336c8,power.diet,available,93.35,103.4,high,medium,5,spaceship,,,09/10/2026 02:16
13c86455-4ca0-4daf-b14f-18cd548ec57c,power.recipes,available,,,high,medium,5,,,,
fa9a6ce2-fd16-4dd9-8e99-28ae0b6965d5,power.bargains,available,,,high,medium,5,,,,
b8af5972-9aa3-4bea-bbe9-60499c639ba6,power.pizza,available,,,high,medium,5,,,,
b106abe3-78ca-463f-97a9-e093f40ddec4,energy.top,premium,463.47,463.47,high,medium,6,spaceship,,,08/10/2026 08:27
45f9e9ee-8d92-4d05-995c-dacc4e372eb4,utility.casa,available,2.19,12.99,high,low,7,namesilo,,,19/09/2026 06:04
cf7a3580-51ee-4235-aa73-1a71318122d2,power.shopping,available,,,high,medium,5,,,,
85de7ea5-3787-4292-bd48-aee8d518cd61,utility.bingo,available,51.98,68.98,high,low,7,namecheap,,,19/09/2026 06:04
fe039ab0-d2b4-47ba-a6f9-6f0fcaacbb52,utility.pizza,available,5.98,83.98,high,low,7,namecheap,,,19/09/2026 06:04
d9007289-2d8d-4ac8-b9fc-f8a8e9093ad9,utility.holiday,available,64.99,64.99,high,low,7,namesilo,,,19/09/2026 06:04
9bb4f4f4-d47f-45c8-a7e6-3452acbe0917,power.clothing,available,,,high,medium,5,,,,
b0bb3aea-888b-4d21-bedb-24a7f8aaf2a6,power.fish,available,,,high,medium,5,,,,
4668269c-d5d6-4895-85ee-b9c1f7bc2808,utility.toys,available,14.98,82.48,high,low,7,namecheap,,,19/09/2026 06:04
7d9900c1-7e1c-454d-89b4-76d2446524a4,energy.stream,premium,13800,116,high,medium,6,namesilo,,,08/10/2026 08:27
21ff7dbe-751b-4209-93b7-1b42278e9895,energy.rsvp,premium,499.2,648.7,high,medium,6,unstoppable,,,08/10/2026 08:27
7b4bfabb-3fea-4505-8380-3aef50bd5da1,utility.uno,premium,3450,3450,high,low,7,namesilo,,,19/09/2026 06:04
a12646fa-8557-4e33-82a5-680790aa6330,power.spot,premium,640,640,high,medium,5,namesilo,,,08/09/2026 07:25
70931420-6c3e-4e9b-b15d-81e378467358,energy.flowers,available,100,100,high,medium,6,cloudflare,,,08/10/2026 08:27
3941a2e4-4e03-43ad-ab86-9bdf8ba5f176,utility.fast,premium,53.92,53.92,high,low,7,namesilo,,,19/09/2026 06:04
03f30d95-5a2d-45ca-ab09-b37782462b9f,utility.ag,resell,,,high,low,7,united-domains GmbH,10/02/2009 20:32,10/02/2027 20:32,26/09/2026 09:55
2ffa230f-63a6-4c5f-9cae-44ddf81e322b,utility.glass,available,72.99,72.99,high,low,7,namesilo,,,19/09/2026 06:04
cf881720-803b-4ec7-8ac3-98685e9d8195,power.cheap,available,,,high,medium,5,,,,
e1234b4b-cb16-4384-bc07-b54c5e3418e3,energy.game,premium,1729,1729,high,medium,6,namesilo,,,08/10/2026 08:27
13dd8fcc-1b02-4230-af26-f5298f160f91,power.vana,available,2298,2498,high,medium,5,namecheap,,,08/09/2026 07:25
1957d70a-5a02-4a77-b6f6-9e262da4fbe1,power.associates,available,,,high,medium,5,,,,
b124472c-c790-4d54-96aa-717feca47229,power.dad,premium,648.7,648.7,high,medium,5,namecheap,,,08/09/2026 07:25
ca7602bf-42cf-446c-9511-4e2e41545949,utility.living,available,5.49,39.99,high,low,7,namesilo,,,19/09/2026 06:04
49a8470e-b6a0-4629-9b86-3c138b2e46ff,utility.mov,premium,167.7,167.7,high,low,7,namecheap,,,19/09/2026 06:04
e732fb52-5809-4fcf-91a6-10e5573a0c41,energy.mobile,premium,1035.2,1035.2,high,medium,6,spaceship,,,08/10/2026 08:27
a6e6b298-8819-46aa-9c89-1ef535ec507b,utility.luxury,available,49.99,,high,low,7,name.com,,,19/09/2026 06:04
2bdbc6a3-7697-4245-a83d-4e78f9d2ad89,power.car,available,1863.2,2064.2,high,medium,5,spaceship,,,09/10/2026 02:16
9192d86b-dca6-49d6-a0e1-78e2dfd0ad28,power.day,premium,648.7,648.7,high,medium,5,namecheap,,,08/09/2026 07:25
1df3ea85-7d51-44d0-9952-5356e4920003,utility.productions,available,6.48,50.98,high,low,7,namecheap,,,19/09/2026 06:04
99c05730-9728-45a9-b4b7-c7305477cc23,utility.mx,available,39.99,43.99,high,low,7,namesilo,,,19/09/2026 06:04
7dd9436f-d389-476c-875c-52730b184b93,power.science,premium,3250,130,high,medium,5,namecheap,,,08/09/2026 07:25
fc8d1412-32ad-47d8-b671-fd695779ca26,utility.sex,available,69.98,154.98,high,low,7,namecheap,,,19/09/2026 06:04
cdef28bd-7dc4-4b7e-91ce-3dff191af2e9,energy.press,premium,650,1300,high,medium,6,namecheap,,,08/10/2026 08:27
a379deff-d330-4721-a865-9b261805afd6,power.construction,available,,,high,medium,5,,,,
11449c5e-560f-4180-b179-3cc7d7bcabc1,power.viajes,available,,,high,medium,5,,,,
f063279a-7edd-439b-a16e-b647333a5cb9,utility.club,resell,,,high,low,7,Go Australia Domains Inc,07/05/2014 15:01,06/05/2028 23:59,26/09/2026 09:55
9ba55a47-0141-4d00-a722-ec6b144db091,power.care,resell,,,high,medium,5,"Spaceship, Inc.",07/05/2019 19:47,07/05/2027 19:47,26/09/2026 08:16
5c09ff13-7a1e-4b5a-a2a8-91d4a31529df,energy.estate,available,6.98,59.98,high,medium,6,namecheap,,,08/10/2026 08:27
7c8dde7c-3cd2-4c73-b703-b1da6b13b150,energy.country,available,2064.2,2064.2,high,medium,6,spaceship,,,08/10/2026 08:27
4a89b403-f8ac-4cdd-84ac-ac9ecacbea5a,utility.sexy,available,2749.99,2749.99,high,low,7,namesilo,,,19/09/2026 06:04
67b92955-93d1-4fca-b56f-da57f506e7f7,utility.diamonds,available,57.98,72.98,high,low,7,namecheap,,,19/09/2026 06:04
108dcdf0-5f65-4ea7-ad56-a66447612869,power.institute,available,,,high,medium,5,,,,
2e8158c7-8e05-4405-970a-db18bd25ae0b,power.surgery,available,,,high,medium,5,,,,
dee7ddf3-fa7d-4d83-bb3b-1afe04d21653,utility.my,premium,91.96,91.96,high,low,7,namesilo,,,19/09/2026 06:04
2a90fedd-a04c-4583-9cfe-0cf40a4b8423,energy.blackfriday,available,103.7,103.7,high,medium,6,spaceship,,,08/10/2026 08:27
ec2e8fe8-e1e6-46e7-a88b-061a6be94f78,energy.moe,premium,325,15.6,high,medium,6,namecheap,,,08/10/2026 08:27
36e93fa0-463c-43d5-9242-ea46e1c26ced,utility.theatre,available,538.98,620,high,low,7,namecheap,,,19/09/2026 06:04
00d740ed-04a4-439e-a971-39f67caa02e6,power.hiphop,available,23.99,23.99,high,medium,5,namesilo,,,08/09/2026 07:25
40428c35-cbee-4239-8fb0-f50f00477dc5,power.properties,available,,,high,medium,5,,,,
3219e4c6-02fa-48b4-8064-09d8681912b2,utility.shoes,available,64.99,64.99,high,low,7,namesilo,,,19/09/2026 06:04
d896dc36-2e94-47ce-8d13-81ee40645536,utility.black,available,27.99,64.99,high,low,7,namesilo,,,19/09/2026 06:04
1fca3706-8090-4d43-a8b3-e8e83f4a70f4,power.fishing,premium,96,29.5,high,medium,5,namesilo,,,08/09/2026 07:25
81bc073d-dfe8-41c8-aff1-30f879e25657,utility.food,available,4.98,48.98,high,low,7,namecheap,,,19/09/2026 06:04
87551b0f-f4c3-4817-9b04-71ef530bf869,energy.lifestyle,premium,550,550,high,medium,6,dynadot,,,08/10/2026 08:27
5a827591-17f2-4e86-9e95-05b2f2a92455,energy.creditcard,premium,207.2,207.2,high,medium,6,spaceship,,,08/10/2026 08:27
135516bd-1013-41fa-b7e2-89c7e7756a6e,utility.vip,premium,1300,19.5,high,low,7,namecheap,,,19/09/2026 06:04
50171271-efab-4e98-889e-65c5ef6a596f,utility.menu,available,34.98,38.98,high,low,7,namecheap,,,19/09/2026 06:04
d724ec90-4bc1-4a67-a9b6-f1f29f6e51fe,power.security,available,1999.99,2049.99,high,medium,5,namesilo,,,08/09/2026 07:25
1e61e7cd-edbc-4c2d-8d99-ba63a90c0932,utility.pink,available,14.49,25.99,high,low,7,namesilo,,,19/09/2026 06:04
c9954911-b5b7-4dcf-bde2-1d8c07a16fcf,energy.date,premium,384,53.92,high,medium,6,namesilo,,,08/10/2026 08:27
de92a736-1f8a-44f2-90d9-d8c1e8d0f6d7,power.kids,premium,384,21.24,high,medium,5,namesilo,,,08/09/2026 07:25
2ee13f71-2062-4a4c-97fe-e332b2c606bc,energy.fashion,resell,,,high,medium,6,West263 International Limited,31/05/2026 13:46,31/05/2027 13:46,08/10/2026 08:27
b7cbcfcf-b447-40f5-baf1-25df98fa9dbf,power.surf,premium,52,31.2,high,medium,5,namecheap,,,
59305f9f-040b-4347-aee7-5923a0882b92,energy.show,resell,,,high,medium,6,"Chengdu West Dimension Digital Technology Co., Ltd.",22/02/2019 23:23,22/02/2027 23:23,08/10/2026 08:27
b0e130a6-788f-426f-a224-7fea6d706df2,energy.courses,premium,640,640,high,medium,6,namesilo,,,08/10/2026 08:27
75d23d3c-18af-4ca3-b8e3-b9295297c8d1,power.directory,available,,,high,medium,5,,,,
0d36a808-d4db-4f10-94f2-f1e9b7ed5d7e,energy.sbs,premium,384,768,high,medium,6,namesilo,,,08/10/2026 08:27
64e85d0a-2f86-4e81-993a-47c54cfa274f,power.horse,premium,260,31.2,high,medium,5,namecheap,,,
91314ffc-a445-46ee-ad0a-069cc04299ec,energy.college,premium,640,640,high,medium,6,namesilo,,,08/10/2026 08:27
fb725b12-bcf2-4451-b850-fac73a97a0ea,energy.limo,available,43.67,43.67,high,medium,6,spaceship,,,08/10/2026 08:27
e78ec044-fa8d-40d9-b43e-330d75e5d212,energy.day,premium,648.7,648.7,high,medium,6,namecheap,,,08/10/2026 08:27
41fadf4e-56be-497e-a55c-4d9a720d784d,power.kaufen,available,,,high,medium,5,,,,
f0d3a4d4-a8a1-4310-8e52-8638bfcdbd5c,power.catering,available,,,high,medium,5,,,,
a5398f77-1530-4c7c-b44d-2bba39300edb,energy.theater,available,65.99,65.99,high,medium,6,namesilo,,,08/10/2026 08:27
29a67106-dab7-4978-b7d3-f4d32ed3f5be,electricity.organic,available,17,85.99,high,low,11,unstoppable,,,06/10/2026 13:45
dd0da26b-c627-4242-90c4-9f74f4430b96,power.football,available,,,high,medium,5,,,,
44201bd8-daa5-41d6-9dd2-0751e73529ef,energy.win,premium,448,53.92,high,medium,6,namesilo,,,08/10/2026 08:27
21d44c72-22e0-4451-8eb5-0f2e93c568b2,energy.exchange,resell,,,high,medium,6,1API GmbH,04/03/2019 23:41,04/03/2027 23:41,08/10/2026 08:27
bb914b03-5f75-4f89-8dab-6b7014920c11,energy.living,premium,362.45,517.7,high,medium,6,spaceship,,,08/10/2026 08:27
ab7e5fc4-9709-4ab6-8cc0-f555c0541d81,power.tires,premium,242,242,high,medium,5,namesilo,,,08/09/2026 07:25
c0e5da69-be06-46ac-a2d1-8ac3ba615c1a,power.city,resell,,,high,medium,5,Porkbun LLC,05/08/2015 16:45,05/08/2027 16:45,26/09/2026 08:16
7be2570c-8b5a-4354-a55f-709181087af6,power.bond,premium,95.55,382.2,high,medium,5,namecheap,,,
adbe98a2-040e-4ba7-a986-1ad15be8b8b2,power.hosting,available,398,,high,medium,5,namecheap,,,
84a8931e-e5e6-4120-b7c5-f26c9e3f2b04,power.loan,premium,6500,130,high,medium,5,namecheap,,,08/09/2026 07:25
c1693d15-02b5-4378-8831-f1ca6ab3e985,power.locker,premium,318.46,8.8,high,medium,5,namesilo,,,08/09/2026 07:25
cefbf65c-1792-4726-b3ef-d26a46c1a9a2,power.esq,premium,843.7,843.7,high,medium,5,namecheap,,,08/09/2026 07:25
1d0077b1-712d-41a4-b246-66486ad582e1,energy.degree,available,41.6,41.6,high,medium,6,spaceship,,,08/10/2026 08:27
dc4e6d79-d5d4-4c00-a4fe-e83caef8a2b9,energy.uno,premium,3450,3450,high,medium,6,namesilo,,,08/10/2026 08:27
ec34bf4a-d522-4e77-b4b9-8ea35c11cee4,energy.space,premium,2587.7,10350.2,high,medium,6,spaceship,,,08/10/2026 08:27
4f01124f-b8b6-40df-ae81-89b413db29e1,power.rent,premium,1107,1107,high,medium,5,namesilo,,,08/09/2026 07:25
ce511af4-17bf-4dcb-a827-978b97c0cceb,power.host,premium,4875,9750,high,medium,5,namecheap,,,08/09/2026 07:25
14233b0d-8715-4c06-b825-c9a3ff1a8dcf,energy.immobilien,available,30.22,30.22,high,medium,6,spaceship,,,08/10/2026 08:27
b4734a17-bb28-4e2b-bb5f-b4a0d8809915,energy.fishing,premium,44,26.97,high,medium,6,dynadot,,,08/10/2026 08:27
c5e62439-98e5-4dd8-a347-6dad3d004bae,energy.futbol,available,5.38,13.66,high,medium,6,spaceship,,,08/10/2026 08:27
e1b58a90-e44f-4939-9043-bbe8e0c7df0b,power.flights,available,,,high,medium,5,,,,
e1c773b3-bb44-41b0-88a7-551250c4ac51,power.exchange,resell,,,high,medium,5,Dynadot Inc,02/10/2015 22:52,02/10/2027 22:52,03/10/2026 04:44
fcfbed50-e7e2-4641-8297-99c6e123193a,energy.jetzt,available,18.2,18.2,high,medium,6,cloudflare,,,08/10/2026 08:27
36eb6a2f-f3cc-4f71-a490-489384849edf,power.boo,premium,648.7,648.7,high,medium,5,namecheap,,,08/09/2026 07:25
3393132d-17b0-4ff0-bccd-acc8fd009fd9,power.faith,premium,116,29.5,high,medium,5,namesilo,,,08/09/2026 07:25
197b477c-a896-4782-b3df-10b51ff0ff7f,energy.phd,premium,671.92,671.92,high,medium,6,spaceship,,,08/10/2026 08:27
2b86c7bc-adbc-4e7a-aaab-a6cc77310dba,energy.healthcare,available,88.99,88.99,high,medium,6,namesilo,,,08/10/2026 08:27
9e9e8b5b-69db-4305-902d-5fc05851cd3e,power.pub,resell,,,high,medium,5,"DNSPod, Inc.",24/07/2016 17:59,24/07/2027 17:59,26/09/2026 08:16
5e590c01-bd41-4502-a43d-bbff0690a42c,power.ing,premium,3105.2,3105.2,medium,low,5,spaceship,,,06/10/2026 13:27
a876603d-cb01-4871-ac60-a90204005b3d,power.buzz,premium,512,116,high,medium,5,namesilo,,,08/09/2026 07:25
a8b70998-5baa-4e40-bbc9-f13245f16d4e,energy.software,premium,3250,3250,high,medium,6,namecheap,,,08/10/2026 08:27
6e2729f6-05e7-4ef2-809c-7ffd25882e26,energy.bargains,premium,520,520,high,medium,6,namecheap,,,08/10/2026 08:27
da2219c7-c1fb-4e06-a94c-4a89080d54e1,power.church,available,,,high,medium,5,,,,
39f09b84-647e-4aef-b358-f8287a1296c9,power.skin,premium,832,832,high,medium,5,namesilo,,,08/09/2026 07:25
c7a05bb6-7109-4662-98f3-cf73892d18d9,power.best,premium,594.16,594.16,high,medium,5,namesilo,,,08/09/2026 07:25
b7c82ade-0ebb-4186-aa14-0e489bd68aff,energy.soy,premium,516.67,516.67,high,medium,6,spaceship,,,08/10/2026 08:27
460ff9e5-f356-446d-9363-4a94521a2d7f,power.rsvp,premium,648.7,648.7,high,medium,5,namecheap,,,08/09/2026 07:25
c39f7aec-7d6a-461d-8432-91588d5166c1,power.coffee,available,,,high,medium,5,,,,
87ac7456-6ea3-4a28-b3c0-f90b1416859d,power.bayern,available,34.99,34.99,high,medium,5,namesilo,,,08/09/2026 07:25
aca8a7fd-7284-491c-a9cb-3d924b54f644,energy.theatre,available,509.99,529.99,high,medium,6,namesilo,,,08/10/2026 08:27
e48d1b1c-a843-400b-8e5a-ecde8a45ce02,power.date,premium,384,53.92,high,medium,5,namesilo,,,08/09/2026 07:25
0e9bef51-c2f1-4aee-a107-c5cba08cab8c,power.insure,available,,,high,medium,5,,,,
5736c73d-281f-4f9f-b3cb-0d2db609b24b,energy.fun,premium,647.08,2587.7,high,medium,6,spaceship,,,08/10/2026 08:27
94fe8867-aac3-4759-a523-8f18cdb5078f,power.cricket,premium,1107,116,high,medium,5,namesilo,,,08/09/2026 07:25
30e24f9f-455a-4f18-8891-afbe4c356b2e,electricity.auto,available,1863.2,2064.2,high,low,11,spaceship,,,06/10/2026 13:45
0b6ac16a-51ce-400c-a42e-02e12cead701,power.services,available,,,high,medium,5,,,,
910f6198-a3e9-466b-bad9-697d765dc2dc,energy.catering,premium,68.51,68.51,high,medium,6,spaceship,,,08/10/2026 08:27
80dda5e3-8e39-4b0d-acfe-0caf5790113b,energy.hospital,available,45.74,45.74,high,medium,6,spaceship,,,08/10/2026 08:27
6f7db4c0-e6d6-48ee-ae3b-f174698633c9,energy.plumbing,available,58.16,58.16,high,medium,6,spaceship,,,08/10/2026 08:27
e2d10b4b-09c3-41e4-8123-299593c35a31,power.family,premium,242,242,high,medium,5,namesilo,,,08/09/2026 07:25
e041239a-7f0d-4a12-af59-ec263e42428e,energy.holiday,available,64.99,64.99,high,medium,6,namesilo,,,08/10/2026 08:27
e7722793-3d3b-4024-8ae6-5cc1c2201910,energy.church,available,14.99,58.99,high,medium,6,namesilo,,,08/10/2026 08:27
18e3fcc8-673f-42ab-be09-e22642043aeb,power.shiksha,available,,,high,medium,5,,,,
2a6c1b44-275a-4c21-9042-b481b7a7ef05,power.careers,premium,512,512,high,medium,5,namesilo,,,08/09/2026 07:25
822a2cf1-600c-4d60-9dc4-dd6386288db9,energy.free,premium,517.7,517.7,high,medium,6,spaceship,,,08/10/2026 08:27
fb40e6bf-caa5-4bd1-9e22-1fe6b763dd0d,energy.actor,premium,68.51,68.51,high,medium,6,spaceship,,,08/10/2026 08:27
ace0e763-65ca-4d53-93f6-aed3cd742f22,energy.cool,resell,,,high,medium,6,Squarespace Domains II LLC,04/07/2015 06:19,04/07/2027 06:19,08/10/2026 08:27
ebdddc9f-e169-467c-b7b9-bd63dbd42d25,power.melbourne,premium,58,58,high,medium,5,namesilo,,,08/09/2026 07:25
52db30be-22c3-4966-924c-9171864f1f69,power.marketing,resell,,,high,medium,5,"Spaceship, Inc.",13/04/2014 19:34,13/04/2027 19:34,26/09/2026 08:16
aa79310f-0b08-43df-b623-12fda0d88c7e,power.management,available,,,high,medium,5,,,,
11e07d77-26e0-4d3b-a623-1935f7a41437,energy.hiv,available,184.9,184.9,high,medium,6,spaceship,,,08/10/2026 08:27
71e05d8e-046d-4dee-98bb-129a93a2a99d,electricity.day,premium,61.27,61.27,high,low,11,spaceship,,,06/10/2026 13:45
090cbc4d-f94f-4647-b747-df5723cdd52b,electricity.blog,premium,517.7,2070.2,high,low,11,spaceship,,,06/10/2026 13:45
afbb3448-e121-462c-a6c1-ad92b0839841,power.fail,premium,118.8,118.8,high,medium,5,namesilo,,,08/09/2026 07:25
d519fd63-e41d-4333-a051-d82a3c295c39,power.sucks,premium,2658.67,2658.67,high,medium,5,namesilo,,,08/09/2026 07:25
9e4c838f-93e2-42a1-928f-fefb1900064c,power.nexus,premium,1298.7,1298.7,high,medium,5,namecheap,,,08/09/2026 07:25
127ad6d4-2cef-47b7-94c4-4368ca614df2,power.hot,premium,640,640,high,medium,5,namesilo,,,08/09/2026 07:25
868f9dff-cabb-489c-9b85-cb9a1c2929ad,power.diamonds,available,,,high,medium,5,,,,
9cb994b8-773a-47cb-ac48-b10730045951,power.blue,resell,,,high,medium,5,"Spaceship, Inc.",17/04/2014 19:58,17/04/2027 19:58,26/09/2026 08:16
7c5e3e44-9163-40da-a9d7-c6cdb84869a8,power.click,premium,455,650,high,medium,5,namecheap,,,08/09/2026 07:25
31f21f41-b794-422c-90e1-82bd53dd903b,energy.mx,resell,,,high,medium,6,Registrar.eu,10/12/2022 00:00,10/12/2026 00:00,08/10/2026 08:27
1d96f40f-c0aa-48f0-9e89-a3f8873e6329,energy.fail,premium,102.67,102.67,high,medium,6,spaceship,,,08/10/2026 08:27
9040e307-f9b4-44fd-8b5f-2e7b155b9d9e,power.phd,premium,843.7,843.7,high,medium,5,namecheap,,,08/09/2026 07:25
0ea2f79f-7b26-4e1e-b0f4-70b68a1c2760,energy.host,premium,550,1100,high,medium,6,dynadot,,,08/10/2026 08:27
b9b9dfda-91ba-4d49-b151-8297dc0c0f48,power.soy,premium,418.6,418.6,high,medium,5,namecheap,,,08/09/2026 07:25
43ff6412-ddf4-4bea-873a-7bb264c11398,energy.page,premium,638.72,638.72,high,medium,6,namesilo,,,08/10/2026 08:27
003252c7-84a1-4251-97f1-8aee384df531,energy.mov,premium,499.2,516.67,high,medium,6,unstoppable,,,08/10/2026 08:27
2700a823-318f-4f5a-8757-aff844dfdcf5,power.airforce,available,,,high,medium,5,,,,
2b1ff113-6345-4d63-882d-18932a0dc394,power.credit,available,,,high,medium,5,,,,
2823291b-2343-45f7-b10c-5496692e3fb9,power.mom,premium,832,832,high,medium,5,namesilo,,,08/09/2026 07:25
3e8e2fda-8a6b-4482-93d3-5f74f4d81f93,power.sarl,available,,,high,medium,5,,,,
8a883cbb-4317-49f7-980f-8871eaa2427a,power.town,available,,,high,medium,5,,,,
e6490ced-fb48-42ed-bff2-bfeb6ceb3e6d,water.organic,resell,,,high,medium,5,"Sav.com, LLC - 31",31/08/2025 15:15,31/08/2027 15:15,26/09/2026 10:04
a9650f30-e830-46ce-9118-ed1e6f21ad5a,energy.tennis,available,89.99,89.99,high,medium,6,namesilo,,,08/10/2026 08:27
d2ea1643-846d-4a36-ab45-141f91f21a2b,electricity.enterprises,available,9.48,47.98,high,low,11,namecheap,,,06/10/2026 13:45
b0e427fb-4649-4676-87ae-56a41e785a5f,electricity.audio,available,93.35,103.4,high,low,11,spaceship,,,06/10/2026 13:45
e126de18-bfd7-43bf-9954-5b905ca9e784,electricity.online,premium,647.08,2587.7,high,low,11,spaceship,,,06/10/2026 13:45
4c84d2d8-226a-444b-b984-e4ce61c909af,electricity.mov,premium,61.27,61.27,high,low,11,spaceship,,,06/10/2026 13:45
5e11c8c6-9c83-40b6-b09f-aa1ee1d04490,electricity.nexus,premium,61.27,61.27,high,low,11,spaceship,,,06/10/2026 13:45
fecb8e53-2106-4ceb-937b-eb5f7ea49604,power.singles,available,,,high,medium,5,,,,
866a9d25-34bc-4d7b-af9b-05436c06933f,power.restaurant,available,,,high,medium,5,,,,
47557a9f-b00f-4103-ab0d-162fa92d4a6a,energy.shopping,premium,512,512,high,medium,6,namesilo,,,08/10/2026 08:27
e7aa7769-d2e3-409a-a538-e2b0e887a715,energy.berlin,resell,6371.43,75.99,high,medium,6,name.com,02/07/2014 21:02,02/07/2027 21:02,08/10/2026 08:27
37d6480e-7b3b-474a-b968-d2e856ee357b,power.gallery,available,,,high,medium,5,,,,
180f3435-b59d-4cda-8b0a-e0ded353bf83,power.degree,available,,,high,medium,5,,,,
7fdfe8b0-0596-475c-9c54-e4fa5f12ff9c,electricity.fans,premium,26.08,51.95,high,low,11,spaceship,,,06/10/2026 13:45
c05afbf3-378b-4e58-8b3b-ff17790535c8,energy.cx,resell,,,high,medium,6,West263 International Limited,25/04/2025 16:25,25/04/2027 16:25,08/10/2026 08:27
1d4b5d78-91aa-4459-9621-e5fc7c9243c1,energy.ac,resell,,,high,medium,6,"GoDaddy.com, LLC",12/07/2022 13:15,12/07/2027 13:15,08/10/2026 08:27
4fc70ebb-a292-4da6-a03e-154cdfa381e2,electricity.page,premium,61.27,61.27,high,low,11,spaceship,,,06/10/2026 13:45
c76aafbc-52b5-47df-9e00-b260ef0cb911,power.consulting,resell,,,high,medium,5,"Spaceship, Inc.",23/07/2014 17:00,23/07/2027 17:00,26/09/2026 08:16
4cb4008e-7aca-4e5e-aae7-7804ed253d62,power.school,available,,,high,medium,5,,,,
8a3412ef-1661-425f-a026-8fea3e7104ec,power.group,available,,,high,medium,5,,,,
e41f412b-fa2d-4e0a-8d2e-f46df46a7cc9,power.camera,available,,,high,medium,5,,,,
dfa1336d-d1a2-4edb-9e07-3d48c040fd99,electricity.onl,available,18.2,18.2,high,low,11,cloudflare,,,06/10/2026 13:45
0d196433-6a9b-4aaf-8917-dba4a89bb0aa,electricity.download,premium,116,29.5,high,low,11,namesilo,,,06/10/2026 13:45
5b0be9e6-2b06-4665-9ebc-8280b61d9331,energy.domains,premium,520,520,high,medium,6,namecheap,,,08/10/2026 08:27
29af2263-44d4-4bb9-9695-d37a20a045af,power.immo,available,,,high,medium,5,,,,
31dade5c-f75b-4512-aef0-1d27fa730bfa,electricity.eco,premium,7762.7,59.71,high,low,11,spaceship,,,06/10/2026 13:45
93715e37-9a02-4206-be76-f37e135d4fc9,electricity.tires,available,70.2,70.2,high,low,11,cloudflare,,,06/10/2026 13:45
26e843ed-2ec2-4ca7-9a1c-d5bdbecc5bfc,energy.guide,resell,,,high,medium,6,Dynadot Inc,27/07/2015 07:25,27/07/2027 07:25,08/10/2026 08:27
9648c80a-72e6-4514-b476-e08f3a0adf56,power.lifestyle,premium,1820,2600,high,medium,5,namecheap,,,08/09/2026 07:25
732f9b5c-5240-4933-aec5-f1b9260a8994,energy.ing,premium,1300.2,1690,high,medium,6,unstoppable,,,08/10/2026 08:27
ffd9a1c7-260c-406f-94dd-8fa1258a1c81,power.cool,available,,,high,medium,5,,,,
e2086076-b001-4237-94ef-9c80f4416d7f,power.rip,available,,,high,medium,5,,,,
88ac64e2-11ac-44dd-a668-1b0feb30e42a,energy.promo,premium,3450,3450,high,medium,6,namesilo,,,08/10/2026 08:27
16669dc1-e12b-4d8e-925f-e445ace34bfc,electricity.hiv,available,184.9,184.9,high,low,11,spaceship,,,06/10/2026 13:45
050fc017-1652-4c56-bbe4-a27b6fd305bb,power.sydney,premium,58,58,high,medium,5,namesilo,,,08/09/2026 07:25
23789fda-953c-48a1-9689-4aa82457559c,electricity.chat,available,5.38,36.43,high,low,11,spaceship,,,06/10/2026 13:45
fc1a3302-ed70-46fa-9147-29414403b0fe,electricity.ventures,available,5.38,47.81,high,low,11,spaceship,,,06/10/2026 13:45
89741120-44fe-4673-ba40-f7a350cacce8,electricity.cv,premium,1042.76,7.76,high,low,11,spaceship,,,06/10/2026 13:45
c6bd97c5-b460-4768-bb25-080b2fb0137f,electricity.fm,available,85,85,high,low,11,cloudflare,,,06/10/2026 13:45
f5b8004c-8b8b-4faf-85c5-19f7c57078c4,electricity.zone,available,30.2,30.2,high,low,11,cloudflare,,,06/10/2026 13:45
ddd47194-9b64-4a0e-9673-38e0f079b24e,power.creditcard,available,,,high,medium,5,,,,
303e84c8-1dd0-463e-91f6-9d51dad3f7c1,electricity.run,available,2.79,21.94,high,low,11,spaceship,,,06/10/2026 13:45
4299c1e8-f606-4fe0-b7f1-9348ab039d84,electricity.bar,available,50.2,50.2,high,low,11,cloudflare,,,06/10/2026 13:45
56dea269-e227-4ace-af6a-d1f0ee1bcc63,electricity.rehab,available,28.2,28.2,high,low,11,cloudflare,,,06/10/2026 13:45
ba6daa15-017f-41fa-803d-ccd955acb56e,energy.agency,premium,,,high,medium,6,,,,08/10/2026 08:27
91bf4750-82f0-4f4c-b87f-7188ef7074d4,energy.services,resell,,,high,medium,6,Dynadot Inc,09/09/2016 07:56,09/09/2027 07:56,08/10/2026 08:27
950a37aa-0061-49d3-a839-9804b937a0a9,electricity.baby,available,1.18,51.8,high,low,11,spaceship,,,06/10/2026 13:45
fc2aef03-647d-423f-8772-cd79badd98a0,power.foo,premium,1298.7,1298.7,high,medium,5,namecheap,,,08/09/2026 07:25
f6bbe574-f15e-4869-9c83-962169da9d67,power.desi,available,19.98,22.98,high,medium,5,namecheap,,,08/09/2026 07:25
21924ab4-6639-47b5-ad26-e917e6e4344a,energy.attorney,premium,1300,1300,high,medium,6,namecheap,,,08/10/2026 08:27
e458e3ce-3142-41d5-9583-90d5ca5f67cb,electricity.fast,premium,51.95,51.95,high,low,11,spaceship,,,06/10/2026 13:45
2ef0f7b3-b6d7-42c1-84e9-7693774ecf80,energy.style,resell,,,high,medium,6,Dynadot Inc,22/04/2023 08:57,22/04/2027 08:57,08/10/2026 08:27
d6dd22f0-9d0e-4eaf-87d5-8956dcc1baf8,electricity.expert,available,6.64,58,high,low,11,dynadot,,,06/10/2026 13:45
a69c2638-0a07-471e-8a4e-1939923fbfbd,energy.esq,premium,709.01,709.01,high,medium,6,porkbun,,,08/10/2026 08:27
ccb94656-a2b6-4366-ab26-2de6d25baf0f,power.market,available,,,high,medium,5,,,,
3b7c14bb-beb8-4243-a85a-0c4fc4f9d24d,power.poker,premium,2600,2600,high,medium,5,namecheap,,,08/09/2026 07:25
4f637317-18d4-4a4d-be5f-6c8949e22405,power.immobilien,available,,,high,medium,5,,,,
324a5806-6136-4110-b9f6-75e004327139,power.photos,premium,23.6,23.6,high,medium,5,namesilo,,,08/09/2026 07:25
dcc4111b-439f-4e1d-b034-e99ffd8a90b7,power.community,available,,,high,medium,5,,,,
9593d1f7-cd41-4900-9181-bb2ca6d2cfd8,energy.movie,available,36.43,279.65,high,medium,6,spaceship,,,08/10/2026 08:27
51bb8bab-9dc1-4b58-b0d3-d6d4fa51aa37,energy.voto,premium,102.67,102.67,high,medium,6,spaceship,,,08/10/2026 08:27
ebf20c4a-9405-46a8-9ffe-410fba984440,power.lgbt,premium,78.54,78.54,high,medium,5,namesilo,,,08/09/2026 07:25
83175a48-699e-43ec-87ba-bb2d70437f0d,energy.co,resell,,,high,medium,6,Hello Internet Corp.,25/02/2010 00:26,24/02/2027 23:59,08/10/2026 08:27
244eb261-4571-449e-bd23-c3b2bc504649,electricity.dental,available,60.2,60.2,high,low,11,cloudflare,,,06/10/2026 13:45
8a78764f-c5a7-4042-b0bc-2ae0b91a2782,power.gold,available,,,high,medium,5,,,,
274fb9d1-95a4-4a6e-b587-8394cf9b719c,power.direct,premium,118.8,118.8,high,medium,5,namesilo,,,08/09/2026 07:25
2735c26f-89b0-411a-a5d0-d83df3791d04,electricity.legal,available,5.57,65.49,high,low,11,dynadot,,,06/10/2026 13:45
26a660b7-a962-4494-9834-348e7469d2ec,power.forum,premium,640,640,high,medium,5,namesilo,,,08/09/2026 07:25
f7888c8c-7d0f-414b-987c-327975a1eccf,electricity.country,available,2064.2,2064.2,high,low,11,spaceship,,,06/10/2026 13:45
44985b36-1855-4f17-acfb-86ca08c8c82d,energy.online,premium,6875,27500,high,medium,6,dynadot,,,08/10/2026 08:27
d0723bf9-a7fd-491e-9521-ebcfeb7a44d4,electricity.rip,available,18.83,18.83,high,low,11,spaceship,,,06/10/2026 13:45
2091a7ca-4356-4f0d-b3b4-3066cfd1321c,power.uno,premium,3250,3250,high,medium,5,namecheap,,,08/09/2026 07:25
0bad85eb-52e0-4620-9619-e90e1f671d61,power.show,available,,,high,medium,5,,,,
113b26fe-1cea-4961-9ce5-f76692ec264e,power.blog,premium,3250,13000,high,medium,5,namecheap,,,08/09/2026 07:25
ac003ca9-9232-4543-bdac-42229ebc42dc,electricity.phd,premium,92.32,92.32,high,low,11,spaceship,,,06/10/2026 13:45
5e44d84f-8074-4644-a791-ac5f15054c15,energy.tickets,available,359.99,488.88,high,medium,6,namesilo,,,08/10/2026 08:27
c9103dfd-952f-48ef-bb56-a1da7d33db7f,energy.beer,premium,2660,29.5,high,medium,6,namesilo,,,08/10/2026 08:27
773d5019-91bb-4ac4-a081-8386685cf47f,energy.kaufen,available,23.94,23.94,high,medium,6,spaceship,,,08/10/2026 08:27
7f74259d-4234-4b5d-a424-68744ed99927,power.today,available,,,high,medium,5,,,,
4d44e31f-5133-4cd4-a765-8e273f68252b,electricity.gives,available,7.48,37.98,high,low,11,namecheap,,,06/10/2026 13:45
36f24d3f-cc98-4e9c-b691-7b3bd887c063,electricity.kitchen,available,10.5,52.01,high,low,11,unstoppable,,,06/10/2026 13:45
f7552c2a-2fe3-498c-9da9-8034dd27fbfd,electricity.movie,available,270.2,270.2,high,low,11,cloudflare,,,06/10/2026 13:45
89f5ec6e-6c96-481a-b025-fc2f8800ea33,energy.center,resell,,,high,medium,6,"Spaceship, Inc.",23/11/2019 13:00,23/11/2026 13:00,08/10/2026 08:27
ac9fc69d-1a4c-4f92-9871-2f60f276bc90,water.film,premium,130,130,high,medium,5,namecheap,,,
8d12ea98-8081-4120-8177-c8b2249473db,electricity.hockey,available,8.24,54.79,high,low,11,dynadot,,,06/10/2026 13:45
fd8f5e7c-41ac-4897-b1d4-e4f6e5aac828,energy.wiki,premium,832,832,high,medium,6,namesilo,,,08/10/2026 08:27
9c62def1-545f-4bfb-bf19-2a4dd75f110f,energy.cars,available,1863.2,2064.2,high,medium,6,spaceship,,,08/10/2026 08:27
bbc63225-5048-4cae-880d-66a24566a6f6,electricity.soccer,available,10.92,23.76,high,low,11,dynadot,,,06/10/2026 13:45
d07dc2d7-3621-43af-9227-ea60eaf5c54c,energy.pub,resell,,,high,medium,6,"Chengdu West Dimension Digital Technology Co., Ltd.",16/06/2020 21:40,16/06/2027 21:40,08/10/2026 08:27
c11bc613-3ca7-474b-be95-3d3a56c0f45a,electricity.camera,available,46.78,46.78,high,low,11,spaceship,,,06/10/2026 13:45
fb3d8d61-1fd0-4d79-8eb9-f3631802f307,water.estate,resell,,,high,medium,5,Dynadot Inc,24/08/2026 17:00,24/08/2027 17:00,26/09/2026 10:04
be864bf1-65c2-441d-a09e-0879ad572e86,electricity.company,resell,,,high,low,11,Dynadot Inc,21/06/2015 16:15,21/06/2027 16:15,06/10/2026 13:45
70a5326e-5c09-47fe-bb30-ddcc4d008e93,electricity.diamonds,available,42.2,42.2,high,low,11,cloudflare,,,06/10/2026 13:45
7a54ac54-ea0c-4c7a-a386-11fbd81e2b18,power.healthcare,available,,,high,medium,5,,,,
3b12f475-2d8d-4547-b450-d417de696d0d,electricity.futbol,available,13.2,13.2,high,low,11,cloudflare,,,06/10/2026 13:45
9cf1d3a2-65fc-43b2-bffd-ddf90533ca4a,electricity.photo,premium,103.7,103.7,high,low,11,spaceship,,,06/10/2026 13:45
06188bd4-18ff-4f73-b109-28ce809b7e6d,water.style,available,7.98,49.98,high,medium,5,namecheap,,,08/09/2026 13:05
c449279c-1471-4c40-bb8e-b90656fa0a5a,water.boats,premium,845,15.73,high,medium,5,namecheap,,,
7a1d1940-0e10-46d8-8b93-833931074f13,power.audio,available,104.99,114.99,high,medium,5,namesilo,,,08/09/2026 07:25
04dbdc6f-9e8d-4c65-82f6-b8a5722e1084,water.surgery,available,54.99,54.99,high,medium,5,namesilo,,,08/09/2026 13:05
e14f49bf-ce4a-452e-a034-4f836afd7dda,power.website,premium,650,1300,high,medium,5,namecheap,,,08/09/2026 07:25
0c897f17-7211-47e0-9203-469a86703c3b,power.bar,available,,,high,medium,5,,,,
ac093441-1223-4793-baa6-28bc0b11c9c2,electricity.moe,available,14.98,17.88,high,low,11,namecheap,,,06/10/2026 13:45
d692c216-d815-4a98-8238-422200de702a,electricity.fashion,available,25.2,25.2,high,low,11,cloudflare,,,06/10/2026 13:45
d0b26ce9-8b35-4b87-b003-05fbc16671d8,water.soy,premium,418.6,418.6,high,medium,5,namecheap,,,08/09/2026 13:05
ad8dadc4-6342-427a-9945-7f0c2df493f9,energy.voting,available,1398,1448,high,medium,6,namecheap,,,08/10/2026 08:27
9c8fdcf7-b5fe-406c-90ea-aee7adceff11,power.events,available,,,high,medium,5,,,,
169bc905-b437-4ccb-afb8-89a9e0a7da61,energy.forum,resell,,,high,medium,6,NAMECHEAP,31/07/2025 12:49,31/07/2027 12:49,08/10/2026 08:27
3bd41352-3dcf-48c8-ada6-683f56a57a6c,power.kitchen,available,,,high,medium,5,,,,
0f975bf1-2899-4d2a-964b-7c440fe891a4,power.llc,premium,1107,1107,high,medium,5,namesilo,,,08/09/2026 07:25
37e6d882-f07c-4369-8ecb-934875feed23,water.blackfriday,available,114.99,114.99,high,medium,5,namesilo,,,08/09/2026 13:05
c84bab8a-cbcb-4aa7-8607-e0e4b4865210,electricity.immobilien,available,30.22,30.22,high,low,11,spaceship,,,06/10/2026 13:45
45f5f3bc-d869-4d2d-b6e0-ea7f82194843,electricity.college,premium,220,220,high,low,11,dynadot,,,06/10/2026 13:45
bb66bee6-cacc-4c66-9f62-65a29e613c1f,power.fashion,premium,96,29.5,high,medium,5,namesilo,,,08/09/2026 07:25
b045816f-0d4d-4a24-806f-152e5eb11906,electricity.villas,available,47.81,47.81,high,low,11,spaceship,,,06/10/2026 13:45
d4dcfc80-ad99-4b55-a00d-dd7b596e1355,electricity.vin,available,6.41,47.81,high,low,11,spaceship,,,06/10/2026 13:45
ccc1ee36-0126-4b94-9554-b062f6df2c0b,electricity.builders,available,27.2,27.2,high,low,11,cloudflare,,,06/10/2026 13:45
d97b5b64-dad4-4aa1-aead-8f951edaa23d,electricity.skin,available,1.24,13.97,high,low,11,spaceship,,,06/10/2026 13:45
1e71f6c3-a961-4571-89c0-9b2329675122,energy.casino,resell,,,high,medium,6,"Spaceship, Inc.",30/12/2024 15:15,30/12/2026 15:15,08/10/2026 08:27
6a3f9dae-9e13-4fe6-8a99-e54bc4cf790e,energy.directory,resell,,,high,medium,6,Porkbun LLC,18/08/2026 15:27,18/08/2027 15:27,08/10/2026 08:27
b47ca1dc-14d5-424f-8d4d-c6a5e00409c7,water.marketing,available,6.98,53.98,high,medium,5,namecheap,,,08/09/2026 13:05
411d0742-9ebd-4ddc-abc9-6771f7799a64,energy.ltda,premium,52.8,30.18,high,medium,6,dynadot,,,08/10/2026 08:27
48d989e8-8656-4b94-ad4c-64c13477837c,water.report,resell,,,high,medium,5,Porkbun LLC,13/12/2024 17:02,13/12/2026 17:02,26/09/2026 10:04
4616ca3b-c798-4176-9b0f-4bca96824b3f,power.new,available,488.98,601.98,high,medium,5,namecheap,,,08/09/2026 07:25
edc13796-d20a-40b4-b625-4967dc5c6f04,water.surf,resell,,,high,medium,5,Dynadot Inc,27/04/2021 16:44,27/04/2027 16:44,26/09/2026 10:04
8e009435-72b6-4cec-b18b-9c3a8fcf6aa4,water.racing,premium,116,116,high,medium,5,namesilo,,,08/09/2026 13:05
f6a7a2f2-d339-4030-b732-2142bba4ccc6,power.broker,premium,3250,3250,high,medium,5,namecheap,,,08/09/2026 07:25
4c1dfdc5-dfd5-4724-b1d3-7037483d3f15,energy.vin,resell,,,high,medium,6,"Xiamen ChinaSource Internet Service Co., Ltd",06/03/2024 08:55,06/03/2027 08:55,08/10/2026 08:27
45c53568-2a3b-4b5a-86b1-2c7ac3e3fdd7,energy.nexus,premium,516.67,516.67,high,medium,6,spaceship,,,08/10/2026 08:27
fa467e5e-47d0-4b85-b91b-3eca15fad4ae,electricity.lat,available,1.99,26.97,high,low,11,dynadot,,,06/10/2026 13:45
2a1a40ef-289b-4391-b619-bc70aebce236,water.cfd,premium,384,768,high,medium,5,namesilo,,,08/09/2026 13:05
8bda8945-80ba-465d-9292-6a347a06a2e1,electricity.ski,available,26.5,50.2,high,low,11,unstoppable,,,06/10/2026 13:45
41b7cd8e-027e-4461-a5f0-3034d7ce7fff,electricity.vote,available,70.2,70.2,high,low,11,cloudflare,,,06/10/2026 13:45
892141d2-d4c9-4cc7-af02-2fcca9549e24,grid.me,resell,,,high,medium,4,"GoDaddy.com, LLC",23/05/2009 13:08,23/05/2027 13:08,26/09/2026 06:30
5dc87a28-a1c2-4d10-a449-9e977be8f022,water.foo,premium,648.7,648.7,high,medium,5,namecheap,,,08/09/2026 13:05
e64319c9-89ab-4a6b-b2a9-01d1cbbd6c7b,energy.run,resell,,,high,medium,6,"DNSPod, Inc.",30/05/2019 05:27,30/05/2027 05:27,08/10/2026 08:27
0d36e69a-7f5e-4261-a85e-f32cd9cc0883,power.pictures,available,,,high,medium,5,,,,
f2fde807-27fe-405a-9488-798be4a8917b,water.yachts,premium,845,15.73,high,medium,5,namecheap,,,
1aef31a1-3a87-4cb3-9029-34f90129c67d,energy.moi,premium,89.25,89.25,high,medium,6,namesilo,,,08/10/2026 08:27
e158d39c-4981-47b0-9f82-bcc80adb9cc7,power.capital,available,,,high,medium,5,,,,
fff27924-d81f-4786-a2d1-db6db441f470,water.parts,premium,78.54,78.54,high,medium,5,namesilo,,,08/09/2026 13:05
4c28049c-f26f-4c77-b11c-3e687abf7920,water.voto,available,11.98,86.98,high,medium,5,namecheap,,,08/09/2026 13:05
7a2ecc81-3e34-4527-8de6-7a8c2b4d904f,power.wine,premium,118.8,118.8,high,medium,5,namesilo,,,08/09/2026 07:25
55491f43-2789-4133-b487-56c0e8b25373,energy.gallery,resell,85.8,85.8,high,medium,6,Porkbun LLC,20/06/2026 14:44,20/06/2027 14:44,08/10/2026 08:27
9be1f5d1-5393-4c6a-81cc-1afba6adaacc,water.how,premium,474.5,474.5,high,medium,5,namecheap,,,08/09/2026 13:05
52cda4ca-0d60-4047-8ce4-b8b5bbc8d148,electricity.house,available,34.2,34.2,high,low,11,cloudflare,,,06/10/2026 13:45
33a9a8fd-7476-4a85-bbfc-dbc9a6d29130,power.wiki,premium,302.5,302.5,high,medium,5,namesilo,,,08/09/2026 07:25
9c050e6a-38b5-437f-9538-897ebfcbd203,water.boston,available,,,high,medium,5,,,,
39569080-aef7-45a8-87bd-7ada102c8bb0,water.singles,available,3.98,36.98,high,medium,5,namecheap,,,08/09/2026 13:05
99c14d9c-1c4a-409b-bf0c-f10caa64f045,electric.engineer,resell,,,high,low,8,Dynadot Inc,12/07/2026 17:00,12/07/2027 17:00,26/09/2026 05:47
1bdc6cd2-cd96-491c-bc9b-eb06d16df909,power.mobi,available,,,high,medium,5,,,,
d8adbe36-6879-4a9f-bdc2-01288ad99d0c,water.sexy,premium,13000,13000,high,medium,5,namecheap,,,08/09/2026 13:05
08f80b8f-c616-4a27-8990-2c374a8ceae4,water.buzz,resell,,,high,medium,5,"GoDaddy.com, LLC",20/05/2018 18:01,20/05/2027 18:01,26/09/2026 10:04
40b2a233-9d0b-4da2-a17b-4315887c7b10,water.charity,available,5.99,,high,medium,5,name.com,,,
b1273089-0986-4c90-816e-0ebf5ae33a67,energy.apartments,available,67.98,81.48,high,medium,6,namecheap,,,08/10/2026 08:27
9b30b540-ecf9-4b48-af46-c0bfffcc0488,electricity.forum,available,30.2,30.2,high,low,11,cloudflare,,,06/10/2026 13:45
351c7843-abd3-4f55-8610-481898f2f598,water.protection,available,1999.99,2049.99,high,medium,5,namesilo,,,08/09/2026 13:05
563aea42-3c00-4c0d-85f1-73192d2ff2fb,power.promo,available,,,high,medium,5,,,,
4b17dff3-13d0-4d92-9339-1e4e9c38095e,power.moe,premium,96,14.16,high,medium,5,namesilo,,,08/09/2026 07:25
16a2da03-d48a-4081-9adb-dde3d93dd07f,energy.viajes,available,35.18,35.18,high,medium,6,spaceship,,,08/10/2026 08:27
5e8102b7-6919-48bd-887b-b73d1dd079d4,power.accountants,available,,,high,medium,5,,,,
261880a6-7205-4edf-a59b-2714b919b97f,water.ing,premium,13000,13000,high,medium,5,namecheap,,,19/09/2026 17:23
17193ed2-8445-4984-ba58-019a367cdd77,power.cfd,premium,384,768,high,medium,5,namesilo,,,08/09/2026 07:25
549ff3f7-9c24-4003-a534-1ea4db8c7b1e,energy.blue,resell,,,high,medium,6,"Spaceship, Inc.",23/09/2022 13:15,23/09/2027 13:15,08/10/2026 08:27
99e3ac6e-30e4-47c0-b486-6476dddc83c6,energy.repair,resell,,,high,medium,6,"Spaceship, Inc.",22/02/2026 17:45,22/02/2027 17:45,08/10/2026 08:27
7f1a178e-bccc-4f55-b25f-ee8f77fb040c,electricity.associates,available,17.5,38.99,high,low,11,unstoppable,,,06/10/2026 13:45
97daa39d-b88a-4726-b133-abf90b5221d4,water.schule,available,28.99,28.99,high,medium,5,namesilo,,,08/09/2026 13:05
756720f2-343f-49e8-bbcc-7e0f4b6a4c63,energy.cleaning,premium,102.67,102.67,high,medium,6,spaceship,,,08/10/2026 08:27
80969c90-3850-4022-8dac-140d524fd11f,energy.luxe,resell,37060.64,,high,medium,6,Dynadot Inc,19/08/2025 04:11,19/08/2027 04:11,08/10/2026 08:27
b920a5b4-3402-4f26-bc7d-dfc683e01273,water.kids,premium,384,21.24,high,medium,5,namesilo,,,08/09/2026 13:05
bb5e1cf8-beab-4f5b-991b-02ded0db6dc0,power.dentist,premium,242,242,high,medium,5,namesilo,,,08/09/2026 07:25
919bbf7d-6ef6-4d95-99d1-5ffc72a4727f,energy.glass,premium,512,512,high,medium,6,namesilo,,,08/10/2026 08:27
1ffca2fd-2ddd-4cf3-b258-bbaa580ec942,energy.gold,resell,,,high,medium,6,"DNSPod, Inc.",12/05/2018 10:04,12/05/2027 10:04,08/10/2026 08:27
ec7fbf9e-64ab-4623-ab1e-cd93942a811f,electricity.voto,available,26.5,,high,low,11,unstoppable,,,06/10/2026 13:45
053fc3a4-e6cc-4054-817a-fda24508d836,electricity.lifestyle,available,1.8,48.98,high,low,11,namecheap,,,06/10/2026 13:45
01c1d739-339c-445a-b6f1-5c1a727cd931,water.health,premium,6500,78,high,medium,5,namecheap,,,08/09/2026 13:05
970ba9c4-883b-46b8-be3d-7f11b0bf3b31,water.catering,available,38.99,38.99,high,medium,5,namesilo,,,08/09/2026 13:05
6a9295c0-0d9c-456a-85a8-a35017914e48,energy.prof,premium,671.92,671.92,high,medium,6,spaceship,,,08/10/2026 08:27
7f9f3a3b-04a0-4a0a-9e5a-a94b0370848d,electricity.pub,available,32.29,32.29,high,low,11,spaceship,,,06/10/2026 13:45
cc62ad31-62e2-4927-8243-46ba77426fd1,power.bid,resell,,,high,medium,5,Dynadot Inc,26/07/2019 14:41,26/07/2027 14:41,26/09/2026 08:16
50ea8e3e-c666-4206-9ece-ac81b4c4423a,water.cooking,premium,96,29.5,high,medium,5,namesilo,,,08/09/2026 13:05
2941d1cc-1c5b-4ee9-99c1-bd32ff24e659,energy.gay,premium,2660,2660,high,medium,6,namesilo,,,08/10/2026 08:27
1da93af0-83ff-4891-b1bc-13a150e1bb73,electricity.game,available,279.65,341.75,high,low,11,spaceship,,,06/10/2026 13:45
727623be-393b-4e41-8730-00d822049e93,electricity.lighting,available,18.83,18.83,high,low,11,spaceship,,,06/10/2026 13:45
c8658982-460d-470a-abaa-6132b249dfe0,water.fan,premium,260,260,high,medium,5,namecheap,,,08/09/2026 13:05
59fefbf0-5c51-41b4-a4f9-2fc9a4db4f57,water.auto,available,1999.99,2199,high,medium,5,namesilo,,,08/09/2026 13:05
32135ff4-b5ac-484e-83c2-e84125eab219,electricity.vacations,available,31.25,31.25,high,low,11,spaceship,,,06/10/2026 13:45
e0137c35-94ee-4c90-a3b9-5ebf743eb4a8,power.boutique,premium,242,242,high,medium,5,namesilo,,,08/09/2026 07:25
cabca364-2537-47af-a2f9-4ba12a131bbc,water.college,available,1.5,81.98,high,medium,5,namecheap,,,08/09/2026 13:05
bf0a0522-efb9-43e4-84d2-932bb4057f1a,water.democrat,available,5.98,41.48,high,medium,5,namecheap,,,08/09/2026 13:05
c25c8f51-72dc-4b57-83e1-d22468a802f1,energy.melbourne,premium,2297.46,2297.46,high,medium,6,dynadot,,,08/10/2026 08:27
51df974b-27f3-46c3-aabf-dfb606721578,water.dentist,premium,242,242,high,medium,5,namesilo,,,08/09/2026 13:05
8de95526-0d60-4918-ab24-c486d6e5f27f,electricity.ooo,premium,13611.4,109.98,high,low,11,dynadot,,,06/10/2026 13:45
c93e07f1-cf77-41d3-a3e7-3ea5e94d0a33,power.party,available,,,high,medium,5,,,,
b0a2cce1-e4aa-45c5-a9ec-1b92320442ed,electricity.surf,available,1.24,26.08,high,low,11,spaceship,,,06/10/2026 13:45
d9f0558d-ed65-41f8-a933-7cc8d2435023,water.zip,premium,648.7,648.7,high,medium,5,namecheap,,,08/09/2026 13:05
c7b38859-7c68-44af-9587-600e8c535937,water.immobilien,available,37.99,37.99,high,medium,5,namesilo,,,08/09/2026 13:05
478b6667-4f18-4922-a0b4-cf40b42b91b9,water.bio,premium,123.75,,high,medium,5,name.com,,,
80f88645-a0cd-44f1-863d-c48388d7bff6,water.discount,premium,78.54,78.54,high,medium,5,namesilo,,,08/09/2026 13:05
70e2fe19-2daf-4095-99a3-1e4ab1efbf99,electricity.faith,available,10.53,10.53,high,low,11,spaceship,,,06/10/2026 13:45
60c27225-c0d2-4576-b48a-25c0cd973358,electricity.healthcare,available,68.2,68.2,high,low,11,cloudflare,,,06/10/2026 13:45
0702410c-68ff-412c-a4e7-667e19ff0607,grid.site,premium,812.5,3250,high,medium,4,namecheap,,,24/09/2026 17:52
46ff64e7-0b43-4801-82b3-540219cb4f02,grid.plumbing,available,76.98,89.98,high,medium,4,namecheap,,,24/09/2026 17:52
81d4c3d3-a9c0-4209-b43d-b64d9d20aac9,electricity.so,resell,,,high,low,11,Dynadot LLC,13/03/2023 18:01,13/03/2026 18:01,
3f88559e-9a6d-473f-9186-f3d787307289,electric.actor,available,19.99,58.99,high,low,8,name.com,,,24/09/2026 13:44
8911eef2-720f-43d7-b81c-0e22da7ea67e,power.food,premium,1820,2600,high,medium,5,namecheap,,,08/09/2026 07:25
84e592b4-28b3-42ee-ad74-8cfbc0de788f,electricity.name,available,7.27,7.27,high,low,11,dynadot,,,06/10/2026 13:45
07cb9a49-8adb-471f-8ece-c30bb7a7cd52,water.audio,available,104.99,114.99,high,medium,5,namesilo,,,
2b79e09d-7ca5-44f7-82d5-251d03343df4,electricity.flowers,available,93.35,103.4,high,low,11,spaceship,,,06/10/2026 13:45
bcbd42ed-85ab-4635-8e88-b9f38210b988,water.bayern,available,34.99,34.99,high,medium,5,namesilo,,,08/09/2026 13:05
8739a022-f8f6-4456-a089-a684ff0bee56,public.blog,premium,640,2660,high,medium,6,namesilo,,,27/09/2026 08:01
40b39c9a-6729-46af-bd15-f1403cc672d5,electricity.rent,available,5,81.98,high,low,11,namecheap,,,06/10/2026 13:45
8ebf0622-14dd-4de2-8d3c-7058cb061381,electricity.shop,premium,517.7,517.7,high,low,11,spaceship,,,06/10/2026 13:45
9772784e-b417-4159-8e50-008776bbd879,energy.hot,premium,517.7,517.7,high,medium,6,spaceship,,,08/10/2026 08:27
799089f2-06fb-4771-a74f-eb53f191e999,public.camp,resell,,,high,medium,6,Dynadot Inc,19/07/2026 17:00,19/07/2027 17:00,27/09/2026 08:01
85ab86aa-8cbf-473e-b527-225212b865f1,electricity.tours,available,5.38,49.88,high,low,11,spaceship,,,06/10/2026 13:45
dbc38d71-5d4b-40f3-a1c6-4950fddc28b2,electricity.tube,premium,1300,26,high,low,11,namecheap,,,06/10/2026 13:45
e6151e1f-077d-4ab8-92f2-6abad9e71f2e,water.hot,premium,1107,1107,high,medium,5,namesilo,,,08/09/2026 13:05
e02f8871-ac81-4dc5-92bc-1d9b92cb5c5f,energy.lawyer,premium,1035.2,1035.2,high,medium,6,spaceship,,,08/10/2026 08:27
820d5cc6-6f89-48c7-ab01-fcf7f5fa599e,energy.pw,premium,3450,3450,high,medium,6,namesilo,,,08/10/2026 08:27
eecb7924-7a0e-4cfa-817c-e19c0cf0e5bf,electric.flowers,available,299.99,299.99,high,low,8,name.com,,,24/09/2026 13:44
2759a978-8197-42f8-a732-4f2bdd211334,energy.tax,resell,,,high,medium,6,"Chengdu West Dimension Digital Technology Co., Ltd.",21/04/2020 09:45,21/04/2027 09:45,08/10/2026 08:27
40d2b30b-a484-4ede-aa3b-963c9b6e8ff5,energy.lgbt,available,10.55,64.37,high,medium,6,spaceship,,,08/10/2026 08:27
8b57fe30-a79d-415f-bb5f-998810f0afdb,electricity.catering,available,30.2,30.2,high,low,11,cloudflare,,,06/10/2026 13:45
8b4df7f1-f750-40b1-b627-8dcdde973cfd,energy.store,premium,3450,3450,high,medium,6,namesilo,,,08/10/2026 08:27
acd259ea-ea77-4bf3-935a-633841150365,electricity.design,available,3.98,68.98,high,low,11,namecheap,,,06/10/2026 13:45
e2de10a4-825a-4273-9850-a820f895b09b,grid.ngo,premium,65,32.5,high,medium,4,namecheap,,,24/09/2026 17:52
6e61828b-d876-4c34-b2cc-8ca6568dc8d6,water.creditcard,available,144.99,144.99,high,medium,5,namesilo,,,08/09/2026 13:05
f795eda0-1d83-4ce9-9eee-2a1bf5adb213,electric.airforce,available,103.99,103.99,high,low,8,namesilo,,,24/09/2026 13:44
fb72a325-0972-46b4-a7af-dc5ee12d260c,energy.irish,available,7.49,22.49,high,medium,6,namesilo,,,08/10/2026 08:27
f74fa184-48ea-4155-be37-5ca41f77340e,energy.education,resell,,,high,medium,6,"GoDaddy.com, LLC",22/12/2015 12:54,22/12/2026 12:54,08/10/2026 08:27
5f2950be-3478-458c-b31a-510a0fc5b56d,water.cloud,resell,,,high,medium,5,"Name.com, Inc.",11/02/2016 01:45,11/02/2028 01:45,26/09/2026 10:04
ba396f72-be24-4791-a282-75abc7847b85,energy.study,premium,650,650,high,medium,6,namecheap,,,08/10/2026 08:27
616ffa62-015f-49c7-9152-a22020a16e7e,electricity.racing,premium,110,110,high,low,11,dynadot,,,06/10/2026 13:45
91e2d272-a4d3-46bd-a48d-02034f43d97c,water.deal,premium,116,116,high,medium,5,namesilo,,,08/09/2026 13:05
25480151-7290-49fd-a49c-4716a6c7026b,water.apartments,premium,78.54,78.54,high,medium,5,namesilo,,,08/09/2026 13:05
a827719f-ac5d-4cc3-955c-2cdd015d72df,electric.parts,available,12.99,41.99,high,low,8,namesilo,,,24/09/2026 13:44
2978e3f1-9684-4eca-8e02-62287fd1b665,water.blue,premium,5200,5200,high,medium,5,namecheap,,,08/09/2026 13:05
6372e8d0-70f2-4301-b0ec-4ed2764ddd87,electric.observer,premium,29.5,29.5,high,low,8,namesilo,,,24/09/2026 13:44
9fab3cc0-e31a-4ab4-94a1-c2a68b7ca90e,electric.im,resell,,,high,low,8,,,,24/09/2026 13:44
7a8d561b-7487-4648-9a9e-33e18bdda67b,energy.auto,available,1999.99,2199,high,medium,6,namesilo,,,08/10/2026 08:27
326dff4e-a9f3-4bb6-a9e9-4fd145c86f45,water.management,resell,,,high,medium,5,Dynadot Inc,06/02/2018 02:08,06/02/2027 02:08,26/09/2026 10:04
bf299304-cbcd-43ef-95aa-9ec0ae5e0c2f,water.republican,available,5.98,43.98,high,medium,5,namecheap,,,08/09/2026 13:05
44f4698d-d4b2-401b-a4e3-ae4f39df8c3f,electricity.dev,premium,164.77,164.77,high,low,11,spaceship,,,06/10/2026 13:45
c8696745-cf21-4a1a-b065-4676e3e0fe31,electricity.gmbh,available,47.98,56.98,high,low,11,namecheap,,,06/10/2026 13:45
9de10087-c299-40f4-8769-ee7cacc0f492,grid.tattoo,available,2.98,48.98,high,medium,4,namecheap,,,24/09/2026 17:52
9a5c83e6-2f27-46bf-b6bf-e5ce14f5a9f1,water.lat,resell,,,high,medium,5,Dynadot Inc,08/02/2026 16:14,08/02/2027 23:59,26/09/2026 10:04
02e2f13a-2635-4744-b8a8-1f45642fdbb7,electricity.trading,available,21.98,27.98,high,low,11,namecheap,,,06/10/2026 13:45